id,user
1252818873578975232,matomecorona
1239490346691760128,Host24Space
1238684966063501313,CoronaVirusNFO
1203462567861084160,naija_reports
1245483551749005312,FR24NewsFrance
1251401721760280576,NewsSaanvi
2780443681,Covid19Stat
1238121032067801088,shopfle
1257388917369667584,NbknewsC
1134049078424162304,newsfilterio
223852751,medicinehelp
1213780071212707840,Sholyzee
166326763,TheTop10News2
1059133208925822976,rouutnews
77838776,TimesEurope
366580098,News__Poster
2164575084,1stIndiaNews
15061869,lado_mx
161461625,RadioQuo
1118432292131753984,Notiziedi_it
301831339,lasopa_news
891382950436229120,ExBulletinUk
1235509601677856768,voiceofthehwy
1025186618108530689,CoronaSpread
1166815961099296768,MiddleEastTon
1420660507,COVIDLive
289148078,zazoomnews
141627342,InstantNewsPk
49510088,tEconomics
145459615,DolarToday
58851397,somsirsa
452666079,netvani1
1113075640499036160,PortalDiarioAR
3149729430,MirageNewsCom
160194192,schiphop30
2543982944,lehimesa
1016548032958091265,redaccionmedica
23343960,JavelinaBlue
25105804,rouut
932746433572343808,newpaper24
1112662144527618048,infoitesteri
938533034659168256,HindustanTimes
1250914615,openletterbot
1183264020708515840,nigeriandailies
1233608415395475456,NewsVerses
1262358617803587585,uhiiman
1258303133400403968,NewsCountryInd1
1013556546,JobsVacancyIN
518667081,AfricaZilla
24842995,DavidPolkingho9
150936850,JornalDestak
131188352,peppertalesllp
71525923,iron1225
1039099499019423744,Luxuryfurs1
1062288634693500928,MediHelpWeb
15501305,Radio420zw
1154082705623146497,rifnote
3549429319,GoogleNewsPost
336752249,RaghavS49394362
182333564,FooooooMedia
1259069865903763457,thomascarle
528986496,removalman123
2905188656,websfavourites
1229413026371031041,allaboutbelagav
1060300261,NewsNationGlob1
256478435,FloLake
1052191553802854407,AguluNwoke
18129942,tempodotco
1917731,thehill
2334661493,AlbertoRodNews
1409068826,maduradascom
1220516063198056448,Automobilnews1
273998517,NewsEverything_
829114715053883393,radiodogo
887508829587488768,thehawk
942240917771059200,Ancientbob
63070483,bharianmy
201867844,ReutersLatam
82794341,El_Cooperante
26439527,Simplenewsuk
2716228219,GulfHeadlines
2321317278,Italia_Notizie
4478293992,word_beyond
35203319,baalat1
17469289,nypost
622872390,PTTVOnlineNews
39975533,vanguardngrnews
1226510557,AWDwholesale
868133250757259269,monkey_viral
42660725,4tmx3
7228352,cnbcindonesia
960403142197248000,feedpushr
548370406,covidnewsCH
149585330,JstJayne
908781126495305728,realindiaherald
3991108098,COVID_Scale
1236928052548046856,LigaAoFilipe
35606154,bfm4440
306767271,rosecolordglasz
5893702,rthk_enews
725332549485105153,PeruNewsweek
2478688363,hazydav
2465043349,Muhabarishaji
350953123,exitosape
2205328350,exitosape
347568180,MichelGuenette3
3248503542,TOPNewsAT
42196320,Patrikaidotcom
788757130350297089,ThanthiTV
10409622,Opinionofanind2
1028188856120528896,technews3601
1241102066677952512,tv9kannada
203611601,manoramaonline
365886581,keloke_RD
1256636223604416512,TPE_connect
916547599900884992,peru21noticias
1188990834215018496,maalaimalar
1099915012037099521,SinEmbargoTR
1181036086312652800,Covid19_britain
1146516444,PmrTrg
44900997,nigeriantribune
85840608,diariocorreo
2473674486,IMLebanonNews
1183244677824180224,diariocorreo
941320202,kolikVylecenych
28764661,DamianFallon2
57320778,ambulsiva
13604612,InformateMX
1942710062,ideastlaxcala
24969337,Milenio
1053646880373174272,ReportoCA
561742581,XEVATabasco
44840411,Dailyaddaa
1174996256629960705,NR_abuaimal
940181724843016192,theunionjournal
3106609956,newsaryavart
54837923,basebristol
852553470,rgrus
317679514,ESCoronavirus
264548253,techjunkiejh
2599556959,ConLaGenteRos
1198950746558828545,brainboredcom
1247403388003684357,VIII_Bismarck
369672854,WhatIsMIFID
1042498579909107712,infoitestero
2987141692,FinanzDK
125288491,ContraReplicaMX
850712117573537793,nippynews
63070015,hmetromy
1233483875420180480,bisnisindgroup
836968657012076545,NH_India
831695714056953856,Tsunami65
142096963,gryphonmom
39692424,AlertaNews24
67378160,idtodayco
1011963421372436480,qnewshub
18186489,ExactOptionPick
163058272,sportli26181512
133378751,MSNSouthAfrica
2957374967,PKinta1
1236564022889082881,newsheadlinesng
317869483,coronanieuwsNL
1253967115213627392,SonoraFM92
183491124,ivanivan1980111
970394135759851520,24clm
900183819990568960,indypremium
17459761,BORNEONEWS
911779625071759366,HealthLaw
1246573432621404167,udayavani_web
1254865409372651522,NewsleadIndia
369891519,minuto30com
20294990,covid_data
127185408,Buzzybuzz3
816297022387056640,tbsnewsdotnet
1149173893157888000,SandakanfmO
3652874790,UHmallorca
1205899968566837248,RadioAnimeTzl
983527219,LatestNewsIND_
1240529596036132864,infeedio
1257997887386116096,deesbarbara
1044844792126033925,Andersland52
836593782,progressivepush
1011288240119304192,AjayStfc
604704562,diwandeepak17
365128890,NewsTimes247
15970784,Samacharwala_
821130384,IndiaNe81732983
999127206788874243,EstrellaOnline
23061724,manoramanews
247803955,Profdrclaudio
867476605777702913,sharjah24
701737024,negerifm
1601359999,Dis_Naija
88072569,elpopular_pe
1192402400243412992,ABCNoticiasMX
2796381162,NoticiasNavarra
23405846,TheTobster111
726443182997835778,News_Kenya
1048246863810482176,ilcentrotirreno
1075034036635082753,Moespi1
2181699385,PaluseLa
470299753,thewealthhome1
1220458931417440258,stereo100xela
3308650724,WINNEWS_IN
1249270744950829056,djmirchistar
976297820532518914,Jessica15110642
1240637913135607809,Covid19Site
282563920,jokottenweb
28994936,portaltopgyn
54678081,DTNBreakingNews
949692936614285312,ManzanaresBye
341027410,pagina_siete
388719284,T13
347990355,Currentnews_18
1244276213369262082,data_covid19
769442212732145664,timesofrepublic
853429465,Diario_Cambio
1244203519097225218,theedgemalaysia
1178418488349732866,actuamericaif
1238830474631491584,ElPeriodicoDo
3804327617,News18Kerala
1257180785733324801,OmmcomNews
74764818,MundoClarin
44126150,buzz_corona
1153718326457196544,TruthSeeker____
2368945478,UKCovid
953885732602503168,RadioCutFm
2966105867,prokdusgesund
604942517,ellitoral
22253558,Crumpemag
543761210,cberrl
23847371,BDegerdon
3504318874,TVTenlinea
34639484,DiarioLibre
19733334,FOCUS_TopNews
150725695,Agenzia_Ansa
3816613307,engineering_t
1088654197808156672,RockCheetah
951726582497988608,elnoticierotc
103551225,galxxs
2822593816,RND_de
1001992369,LawNewsEurope
1244221592575463425,hmmworldview
72016096,clickondetroit
241640955,KatTompkins
1221805349205762048,PregunticasGame
1236558680985939968,bonjourdakar
405194953,TBBusiness
1239213814488367112,CANAL44TV
2269557301,SandraC42595084
182181105,tcsnoticias
1249597641383653376,ronmc1
54392227,jokosudarso3
19236297,ListinDiario
12716032,peru21noticias
14411304,jawapos
797547199928422401,KellyRek
35047698,Expresoec
2893298803,OneindiaBengali
20908378,cl_diff
1945979065,Expresoec
313862119,ServPublicosVe
164024707,CoronaLiveStats
1242375051019722753,franceinfo
962305884,dailymailindia
236093569,Expresoweb
149267484,h24news_us
56470183,RsaCovid
17674244,covid19_monitor
1104734421717041152,edithfalcon
95913190,AprilHare4
1219165274550587392,VaguthuOnline
919872061287424000,AfraniodeAquino
1131291683709227015,akynnis
865624663841320960,rcnradio
60781422,ApnaSmartphone
110551404,biswaranjan412
2329058035,CHVNoticias
10067912,abendblatt
972804638,yuliadiana1
166488367,uc
1133379009348292608,Open_gol
1254767658865586179,ahmetisitez
1242471146995490822,DominicanosNYC
3307127799,prameyaodia
353119109,bcnlegends
1089105580977836032,televicentrohn
1199771785148993536,VIEmediaNEWS
1228289508,soloposdotcom
14076534,FAZ_Vermischtes
1073621003090231297,scheel_lala
740427541220065280,coronaluege
2947732005,PolsekTgw
105186569,hoicodovn
822072073468186624,valenciaplaza
131317692,indiaedudiary
24275493,geloraco
1227954537782222854,LeoninoJorge
216655793,x4xATfHkdsgdAL4
1115535137767342080,elpotosinet
1561344594,RahulSi60262144
3428990109,noticiasprensa
604360798,NaijaNews
16984207,Dobieblue
415816193,CoronaScanner
210805091,myglnews
44465517,omnigist
253020963,SputnikMundo
1686033836,adityak73591660
1245751947136770055,lmtnews
63411616,SputnikMundo
1372805012,hariankompas
319499439,rcnmundo
945240916071088128,budzis
1231017247721893890,EurasiaReview
989218016255709186,MSNindonesia
262026799,ahval_tr
1226761291408166914,iamrehan1986
762607341233668097,galiciapress
1124021016487972866,smith0000121
928862938496106496,foggybottomgal
957169156419276801,beritaminangcom
1601016846,Radio_Formula
336913049,TheFrontierPost
541940527,GazetaRu
754301851407880192,runews24ru
279654413,ghanaguardian1
195505987,El_Clarinete
475657296,thatstamil_
413722926,FastWorldNews5
3656337372,EuroZpravycz
1231118747819069440,noticiashoyweb
2920520052,JanetWa94118686
3209460381,mrakcreation
1254906887490936845,i_trafficKZN
523658595,ugamatv
278456481,dw504966
23240238,eluniversocom
1879791901,DiarioMarcaOax
48206728,dailystandnews
111238879,michelelefevre1
1227266564027645952,kpcwriter
248890506,brasil247
18396319,CNEWS
3744382394,jonathansurbak1
4608951440,UOLNoticias
25530716,NowNewsPK
1227841442,otcdynamics
876794243443859456,rooms_data
64022962,ElBigDataMx
1211557168387768321,kibris_postasi
59500310,SPIEGEL_alles
380845568,DiarioTiempo
607924482,senactu7com
264934281,antarapapua
86231512,TelediarioGT
2794715408,mjbtimes
6038642,khabar_pakki
1243805183055925248,el_dinamo
1234021666315030528,tromepe
1237521834309865472,BRKINGCORONAVRS
1610395225,e_consulta
3835998705,ZHMalayalam
769961688141537280,NuestraMerida
549467184,dakaractu
119756265,LaStampa
76401350,dontbeinsane_
354537587,VirusTrend
155171363,sakshisamachar
2881141499,PeruNewsTV
1147707158709981184,Newsdailyng1
153407983,SDSUgrad1983
1248658308489232385,tngreports
3170407576,KUWTAofficial
25982509,marquesinap
2792557771,eldestapeweb
93381888,yespunjab
18552451,LeQuotidien_Cyb
1170005964,MSNAustralia
14549486,rancheritaxemu
6468102,COVID19BrUpdate
14847074,DiariodeMorelos
1249171724341350400,thengblogg
3259569392,RatikWaraTftt
1726365372,dicenlosmedios
18527874,times2in
3840480374,RCVHonduras
90423302,DiarioContraste
13062722,eThingsToDo1
1238449784446427138,lavozdetarija
406564080,PolemicaParaiba
1174479032,lavoixdelest
34093672,proudCanadavet
3780892932,CiberCuba
4295591178,doorbulletin
14859642,FinancialBrand
3557496257,WikiScene_Infos
790390541066338309,OoizumiGakuenNV
21313364,Agencia_Andina
3320693225,Record_Portugal
305493136,avpnews_live
246839997,LeSiteInfoFR
335891957,Dataemia
1061189184369713152,clin_owl
2853492725,bostonherald
384731062,2Polsek
34262462,SputnikInt
2994951365,PrameyaEnglish
82956754,SetmanariEbre
52247080,timesfastnews
19713578,gentecosmotv
2834511,dgift_jp
347804990,ELRobotAmarillo
1167579919393722368,oneonlinemv
144678130,SmorfiaDigitale
102798847,blogrobsonpires
2260300074,Dogruhaber
232454750,tunota_com
1242859653119295489,elprogreso_Lugo
1079180428161007616,ltravel395
4838674529,itajainfo
256096821,asiaonecom
299809292,Covid19Briefing
137612440,RadioPuntoGT
1050252541,euronewsgr
88714239,elperiodic
4662840476,europa_sur
809622421451997184,LaNetaNeta_
1067064889821224960,Rosalin77610005
18916699,elsurdeguerrero
114888384,UncleJamhoriat
419448110,ContactoHoy
1241080332994174976,Avilared
66715854,ndtvrecordtv
1256050194161926144,elciudadanoweb
3309576164,elboletinmadrid
1182665278917885955,Ben_s214
1240693818099486722,gccmovil
1044937263489134592,pulsopoliticoax
132508193,CovidBot1
1149334292687925248,minamaya13
1106579971663892480,fontanabuona
781878212171300864,DonSinoptico
3002402883,deonnain
121757796,ZoroDailyNews
520653311,AristeguiOnline
100521965,MalaysiaGazette
1186524256848502784,CHVNoticias
1149966576172408832,Health_O_Food
962725727950049281,theworldinnews
1920749882,rpstranslations
20729327,sputnik_fr
403181776,AgriculturaFM
402557031,Drumpomag1
741622961170440192,Reporte_Indigo
170642110,seacok2
132480999,BangkokPostNews
742213273211142144,oie1718
16951434,PMLOnline
2862151648,manatelugumovie
114508061,SZ
3236872443,MarcrixNoticias
2470284584,MubeenS08509347
113274295,Libertarian_Hub
1653727837,covid_au
2188909855,BuxxNews
30833263,desktrading
198524760,lhprovlampung
1618565935,PN_Peine
1217188375808995329,descifradocom
31720614,suluhmediaOL
1228177164912054274,canalN_
42287898,laprensa
178876880,TheChestnutPost
2473747392,rcooley123
1183570970054807552,RajaP69090794
1245932165302374407,Radio_Zocalo
1199228196115353600,khpintl
151281359,sonneyjo
898237439193489408,covesiacom
20282000,RudyWow28152987
69178458,AcerboLivio
2163072423,Rechtsuniversum
989136978380804097,BGuantheng
1097895289866772481,EZvarowski
1221435520594653184,ReporteActivo
55387749,soy_502
58834961,fa_noticias
138388479,ND_mais_
396720801,AbzaBudi
288077673,SACHKAHOON
1103795794006573056,CoronaVirusCall
1248247482636787712,CoronaVirusCall
81783530,ForensicPsyMD
930797192083922945,thepressmv
9294762,caiohostilio
20925446,eesanjenews
1247087720528134144,Nice_Matin
443168589,GoRiauCom
1237521310546382853,aim_agencia
12413892,ecd_
327592094,pictanews
1168863555439009793,unedited01
86565297,apetrazzuolo
255138816,DelJenkins10
841664078,JWin802
1239742479743823882,filsdu_soleil
1227501708374265856,wartakotalive
3343856714,CoterraneosG
791569205380444161,Gummbyman32
75496420,televizyonlakay
1189390633057701888,AlGhadTV
288241918,CkdHumas
1088672588,polsekcibatuPWK
865884431076044801,sfastlicht
229334332,technology_tis
1639701578,DyaneOrsa
265710881,Unionradionet
763901401785372672,LatestNewsHub1
3167865988,Hiperenlazados
1032986340797960192,COVIDLiveFeed
912646231532417025,KVajpayaee
17849506,nouvelles2025
309880750,El_DiarioMx
299741917,Genpi_Co
1223752876822028288,BloGoalcom
4571814261,alcalorpolitico
14715075,RepublicaNepal
3987873695,ladh
161420743,tcomer4418
17622198,News_aus_HH
1297695680,snoopbee1
4025552435,teresa_pnp
1108956544475947008,tuitdepor
39566949,solusnan1
1203327532008902657,dronechris75
715176496005038080,SafeHomeDiy
2545554128,AGazetaES
398976557,AconteceJG
503239202,HorrillSusan
354168059,_covid_19_bot_
1266505285696438272,TfsNewsdotcom
702041030,FunnyLittleBaby
840361697369964544,amnewslive
3142919739,SozcuDunya
108310621,UltraTextual
1040021880,420cashcrop
495780767,gabcampaniello
551446885,FOCUS_TopNews
20563513,elimpulsocom
285678312,calciomercato_m
85355294,ElMundoSV
1207073141249466373,JdLuxemburgo
1259792807738306562,SET_Noticias
204481211,tifatait
118509623,nairaland
1181487705764618241,ilmessaggeroit
2950909691,chestnut_daniel
155674026,videos_year
1363083624,Marilinmorante
18917594,MediaHabercom
144894262,JapanNews24X7
3106565906,TuiterPro
80894808,PapooTx
930560309844172800,pratiksarambal1
868007548586274816,Qaumi_Awaz
386232029,briefcy
4896540189,noticialminuto
1209326491,Newscoza
2330641778,asdfcell
604533372,RQuks
1088416214,polsekpasjam2
1047116008484429826,FmBolivia
1623857378,newsclickngr
261300364,LimaAlDia
129306477,AMXNoticias
1193572097538195456,ncdn_negocios
123673439,Cadena3Com
340825754,interfaxua
244218738,SinEmbargoMX
205971568,up_again
791728234421428225,eloncecom
876863947617513473,kashmirpen
585149352,FAZ_Top
957193093001904128,ExpresoPeru
319218210,ev3ponies
3178197002,scottf6f
140915822,Punto_deCorte
2914144864,sports_boo
837981504,NewsWingNews
1004027465755488256,xnewsid
46668976,periodicoaragon
1101804295144370177,Agus376757
833733476373377024,hwnewsmarathi
1159189340561530881,ultimenotizie
888689476511432704,rejectpetitions
483691344,courageousgirl2
1019077765541322753,pototanilo2PNP
3304500437,emsavalles
4807713257,AllThingsWSB
1122554636483710976,mathrubhuminews
4755037817,sedlacek_d
1352915461,Contracts
16086855,diciradio
3122211,SinEmbargoMX
1124237597428068354,noticias4vision
720534432109707264,tedjosaputro2
598319603,juan091248
621294933,moybycom
3237109164,cronicajalisco
404389897,noticiasdcampos
956536476874895360,msncl
18767833,venezuelahoy_
176176031,LaManyanacat
1188030089096646657,PemdaKabJember
1243352024772751361,ZHKannada
1219568179149705218,defumat
1240390302420152320,Berita7dotid
2161201950,ileoncom
383829277,LiveEdges
1001460734189031424,CoachingBridges
341164773,22thabs
174325631,PrahaarNews
165408714,Difusion365
880262202535550976,MehanstarkNews
153082849,tmcbondowoso
1242307373873557505,LosArticulistas
8129032,monngonmoingay3
1168043884246515712,noticiascyl
1083161875397914624,mediafulltv
1223594266624049154,SOLQR
119750943,SuresteSur
172047459,cronachecampane
2772260052,OfficialVoK
1113778642541326336,ComarcalCV
109319019,revistaforum
1206371980427104256,colmant_
966983910788759553,SiasatToday
1182346073312055296,MeanProgress
1052681821769498624,DKashmirimages
4639018735,Lajme365
2784308211,eyemagistus
29224288,HgHermann
15776423,InfoTextual
270196028,PTV_Noticias
2471373550,antikorua
1223984886719008768,beafricainfo
505829284,OmNoticiasAr
148549671,24Newsorder
1599663121,andi_achilles
823223305431826434,SedgeNew
137282671,Techinfinityli1
2530553016,RepartoDigital
367626839,BettyEyes
328762425,puntoporpunto
617029017,ahoradigital1
19811643,uatime_net
798388993566056448,COVID19_SL
562017666,yonghuasupply
817210309618364416,BsAsAhora
17803524,SZ_TopNews
1966396326,RRNoticiasqro
844182986333605888,NEWSFORFOREX1
22839036,Patrick30373175
4635975621,PandemicIntel
276948267,MoLulkowski
1294195728,polresjembrana
2546331511,CDCbannedwords
1308370993,El_Cuyano
54341363,JornalOGlobo
246623440,dw_espanol
25091081,TOISportsNews
978662725,WebImportant
17227307,freeinews
2295940746,Rizky79087132
291647079,ekhonkhobor18
152311372,humaspolsekpon1
36545286,OPIDNEWS
1081116095325425665,PoliticaClarin
1127560946816307201,ReTargetingN
1098281493137317888,radio_dos
1073342248601960448,GoodStock4
2679109831,Ziarecom_actual
38291639,HingoraDr
1317768775,observadorpt
402962164,24Financieras
1138823711350546433,Postematico
1249194189759406080,Dailytimespk1
300405680,24matins_de
740720377354170369,AnonDeFrance
19401778,LaMareaec
1058104081,angie_keathly
24439373,AgenciaVmc
1179983284790427648,Agenzia_Italia
4727554899,MVMNoticias
718465772,ElCaribeRD
1160866712041881600,jechuchitomix
20766595,fx16news
2429755761,sole24ore
3359265495,HojePernambuco
3293713235,JRE_Super_Exp_E
543509447,CodigoQro
251606996,CMM_noticias
14325612,StreetNews24
87287287,kleinezeitung
567683754,Farmaceutico_es
1248255233433546754,0318_voice
104970187,Percepcioon
3058761989,CeoNewsTree
852519048176914433,sweetnonnie
1327843160,diarioonline
2347736202,punjabi_jagran
43861003,Liveinvenice
2861771,PlenoNews
720777431951482880,vco24news
1221127420276662278,pattydearie
1247484501069950979,T10WorldNews
70246707,iChannelVision
720186421105954816,kembang_polsek
1199984305549824000,dario_nociti
934887919927660545,lawjusticeco
1015106434701250562,xinhua_hindi
1197279792061714432,QuickTrackGPS
182121840,GhazipurNewsIn
2884909475,2aOpJur
65862569,123_NEWS_USA
241668304,Planoinforma
4536779895,joautaro1
3445882817,elpulsohn
725706394696081408,PacoZeaCom
525730012,zeroedtweets
3130656076,RCR750
37801217,newsstore247
71210454,CCGevirtz
957951018259636224,V_BharatNews
2710634580,antarabiz
781798363457093633,BS_Zeitung
3025426804,blogdeassis
745300168510144513,Thenews24kan
746410204216987648,RNcat50
1100089350237372416,celabrationng
100181484,yoyocialnews
299878544,Crumpamag
1451651696,alphazbeta
1118049121,mcreativepky
45625066,Catps06Stn
92739201,navycapital
14148802,kalderanews
229339679,ATLTechBlogs
635750362,SpyDoggie
948683648,Forbes_Mexico
2820687161,kapookdotcom
41147623,canal_44
1223315284129468416,hfocusnews
1093542752468516864,Forbes_Mexico
1263299714532827137,municipiosefreg
91253268,ebredigitalcat
57385969,MestizoNews
1220727181833314304,s3bland57
1237515917598351367,HOYTamaulipas
68045552,Zaeni65
2582583661,mipuntodevistaa
3632201,fajaronline
940435114688888834,ldhnoticias
1232284419978719232,News_Boerse
539024287,RTenfrancais
2167566378,Notipeninsular
22214972,today_worlds
745928450314276865,sunehradaur
50132431,techami31
322668754,CAPITALNEWS7
121135227,JapanGazette
977459660189044737,schoolmoneyorg
2191703192,democracynow
1179681679817920512,INNNEWS
2985614399,tempostretto
120097058,BilalSunasra
3018077278,PausaMx
353591885,murcia_com
773436783593984000,KelingUtara
60999597,Refess
927296800742170624,kazuhiro_yn
2236835221,RcRegalstarfire
59381220,trumpwatchapp
31577674,YonhapNews
2218794558,MSNMSIA
487968444,gistshub
408552212,ActaSanitaria
69506712,love1045fm
45261535,elmananarey
128713577,ithermalcameras
39628323,mutuellesinfo
965831602403078145,RSScockpit
1008200743252193281,gasfuel
3296274987,DiarioCantabria
1239760269741453312,CInfotracker
260217132,NitroNewsBrasil
53243190,nguoivietonline
2894327814,discovernauts_d
53862223,SahalFarhan1
84674034,HiNagendraBandi
1409219496,disabledsenior
140217913,viralnewsinUS
1200784868113670144,sonmuhurhaber
54641489,BambangPeha
3152216312,UniversalStats
463782793,iGloobe_info
838321345570156545,NewsQuicky
123622674,FunkeBerlin
264774473,MashrakN
1112283306186457088,Pjw20161951
4701767429,brecherobr
1237198522866216961,ChernigovOrg
2491390638,BabeTruth2
759873092,asiasanchar
1149748580200124416,AciertaOaxaca
2646923159,Ign0rant_Girl
48992513,ThomasJankow
18954425,liderweb_mx
725832018492329984,vision_kashmir
1182679354804817923,StraNotizie
38492736,www_sesin_at
1549651490,jcmarbury
534173370,vivere_sardegna
727865330,ICEHInvest_News
49998704,voiceofbongo
45321943,Informedios
42912666,noahcameron21
462310129,rhotwire
249074679,Vishalverma111
54479333,DMV_Coronavirus
92274317,GujaratHeadline
367396547,ELBRAVOMX
67653749,smninews
995712270477885440,dineshchandra04
3121168263,ZH_Freed
35466620,MontyBoa99
48817182,MarilouGeorge
1113056100964884485,jcmarbury
105693162,globalxmagzine
1247805317066317831,sexologorvmc
224949581,EducationNews_b
1248935725833150464,CalcDay
495061709,Waqtnewstv
5628622,KosovoOnline
1199495844300558338,BudGothmog44
975634675501879296,csbnnews
799032032017993733,cnm_mv
160841431,VersionFinal
156879708,TheAsianInduk
848049859164864512,noticiero001
55665976,InstitutoCato
106574974,Lixl99742261
558293436,regan11218lane
1231590638,Lynne04289004
372390671,bals_theater
1254252884591628288,trapani24h
2511805574,Arjunkgopi_
5508672,mcebisco
987325061064544256,eldesconcierto
821018165358587904,novy_region
1263844698,Ecodiariozac
872163574587809792,humasdusel01
742211562,TheYdraft
832052154198327296,irwandi_sry
1215600927555629056,code_name_v
263607988,small1ldy1
998828120525373440,DesheBideshe
149068012,AU_DehradunNews
1176180167871520768,GazeteRuzgarli
1256479948619030533,6nsinvt
852330883,Xenohadi
728653412909371393,tusciaweb
747595153079078912,rationalreview
302554178,levante_emv
19284888,TunesoundsMusic
2453589242,Nicochan33
1173540348754300929,ETAuto
26526284,diariochihuahua
296612576,olddike
401472150,WArjasa
719969897388863489,abccordoba
1248709435360284672,RadioNordesteOK
130673615,Stettlernews
241406440,Mexcan6
34664371,junichi_suzuki
1042464742101721088,OGlobo_Mundo
7612242,LargeSonLogic
317700874,diariolaopinion
2192897330,Joglosemarnews
1169344521102118913,omjadhav9950
58260131,webdevalencia
2171133420,TelemundoSports
1175610389771497472,ecu11com
48434142,tusuksate_net
353607215,LaRedRevela
1251183970819039233,THENEWEST14
76736107,media_arahkita
1224216322403209216,Unfreakin
896659679148822528,AgenciaElVigia
1045943081118269440,ElDia_do
927446326261964801,Almomentonet
16909343,dontpanic1955
1249654389318524930,reconstituted17
1236288107131142145,imperianews_it
966135407300829185,Myway69474741
1972817654,surgiu
706357166,MyGrannyTheGeek
1374608696,TelevisaSON
1492801,derStandardde
1001882781012709376,UpNewsBot
1002574478658990080,TyCSports
1397536429,ucinoticias_pe
896220510236942337,lavozdexela
29430922,GistAfri_com
827167115308388352,DianeMo24012416
1006960540067848192,DinamaniDaily
135656427,BinaryOptionEU
1210159531617071104,TCricare
258028489,alwihdainfo
1963281709,brailynmoca
822812746362351616,reporaso
2237214146,BarusArus
65930088,FlashAlert_me
213099999,quejastabasco
981509129683349504,IbnBharat
200977501,enlagrillacom
3224015474,DRAGON_XFILES
2169381486,rahbarlaw
3406890237,Bagongofficial_
16472218,arano2015
1231151156,CountyBradford
15137097,vitorinodapeste
2365979016,Portafolioco
3673243396,GulfInsider
103337452,jantaserishta
133665079,msiagazette
99331852,JChapada
273844019,abc24al
963389028,bill_21c
1344254024,leakblast
72820731,baluchexpress
31168926,ConservativeUT
94844864,xpshiscoa
1096537972772651009,gnkamat
398273794,KazAkparat
1139024857348227073,EveningNews
15910775,Gestionpe
2805911260,LaStampaTV
1103466379871641600,jennyikeji
892857223591862273,avanewstv
64385029,Yesa_Lie7
242485552,despacho505
22143216,LFNewsBahia
946465612305281024,Ragurams11
2168176323,irpiniatimes1
7885752,RdGuaibaOficial
913866705264365571,OnlineWebMediaS
1216436361529454592,csinformacion
2326035948,Israaesther1
2315474990,letranthuytrang
20796192,de_rt_com
695317057555034114,YahooFinanceUK
902303180641505280,PolsekSlogohimo
462209717,corona_num_bot
1239929411304067075,MuroPoliticoMX
296730312,informacion_es
981499554,Republica_com
567278796,1NewsBrasil
1321056338,BizFlying
177305931,AcessePolitica
1122958534751203328,Caked46079265
221313234,PhillyDailyNews
1183638656109535232,noticias_tvperu
2770068195,MonJournaliste
164777194,iLeyes
828399358202613761,PatriciaBride
631648472,bassairpinia
280064371,BTrannoy
16794066,sumariuminfo
24787367,DiarioTalCual
803962936213602304,garware1
1189799573977358336,HomeBusinessCen
3233400546,play_flag
70076411,RadioKlasikRTM
1269447511,MediaDusk
1018921,zonacero
1187534628,InfoSecHotSpot
4872898460,tamilflashnews
2847900721,journalist_cafe
16926232,SupapornSnopek
1044179818395271168,newinformers
158313996,kapookdotcom
927609590245556224,iPicNews
342981745,elsiglodigital
250564463,NickB09121299
1223172231003422720,SigloDurango
279807977,elpaishn
927583859377623040,ECEspana
8062702,ThaiAmuletFair
1001488007126450176,covid19_xix
1010320423752368129,FAZ_Politik
775445122817351680,ReutersJapan
747966400115912706,h24news_in
945800022150574080,sabulosaa
402694379,June_r57
2827135812,AmyMWilson88
175514174,segurosybanca
166594238,TheTobster111
189933737,threesocieties
749065941028376576,informagene
34399950,appealhyoka
20816085,OdionSuccex
1234748147886215168,NueveCuatroUno
701207138,corpusalbus
997924072380973056,sjmn777
1108416564238258176,enfoqueinforma
2272071241,d24online
1192444113993576449,hutudole
89047374,TOIBusiness
1242153613943803904,cinhabernet
873537668130275328,naiz_info
7204752,igent_io
29959949,alaturka
1078419185968074752,ojeconomico
1239098166391312385,PPunggelan
169542449,MetroEcuador
1095017849033318401,tempoweb
237020420,bcuriouswithme
940235178647068672,LosAngeles_b
2459784158,EbrimaJadama15
998549226,GampingPolsek
147858574,Abulhas86288905
21690687,ComentarioUdeC
713002748,bengklmahaputra
450714598,MeaCulpagr
193743691,DesiChicFashion
1256398205518000130,Netty94732003
139352461,ChicagolandArea
1121382796495392769,SunnyKu88280451
14842285,KecSumurbandung
202782532,urawamisonotds
3183225837,Naijasurfng
206911231,FreeSpeech_0
52615210,ManojSansare143
531565758,paulmcclintock
1181058490774642688,PerCapitaDeaths
465085399,KelownaCapNews
57774733,IntermaxFun
601113942,Naijaray_com
142883006,RFazoo
2359537176,jayoung1892
19130934,milligazetecom
97398694,firmenpresse
2822699110,LaPrensaTachira
709505904,France24_es
2820027419,AquiMadrid_
18999969,DrDinD
21181806,Brandy_Shp
984347149625380864,XHVXTabasco
1223526209692160000,caracolguaviare
164060315,ENTERTA62718764
934399189,Ruptly
888399761128267776,KODIM0726_SKH
823255657902129153,GacetaUcayalina
1637148362,EsDiarioPopular
2770921232,News18Punjab
2462775674,ArkasLtd
14674957,Mauro73432329
142793710,MiDiarioPanama
1248237237285933056,annarbornews
384558985,digitalindiaexp
795600860000747520,Jual003
273113540,en9as
71699930,lFq3CWPPpYspo5r
279357235,TgrRaiVeneto
537292293,diarioboletin24
789527553740509184,vialta_salud
1249602363179982848,africaminenews
231479010,healthierphilly
2778274199,tribunadonorte
1181472344,lanuevaespana
1472502049,TheNewsMalaysia
53431401,newpostgr
845681715066613761,8nakane
33764296,Marathi24News
193083959,mgazamedia
29926646,gerardnerr
1257773844305190914,abproduccion21
25114343,nancy_westberg
753278833747304448,emrondonia
978891109823909889,viadescapetv
49229700,EugenioBerto70
95209383,guwahatipost
2977077706,pihole_fosser
1193430539404840960,janmabhumidaily
61861044,LT_LegalContent
3707161693,PercieModel1
58784259,BlueTeamGA
361897685,Otong58858547
1242021860235259910,rendizputra
185350414,mailnewsonline
3313618782,24matins_es
17722044,LuisanaBvarR
26005689,hispanopost
1694709636,pindainews
1248223138019762176,ADNsur
51532506,agabus98
18731140,bbcbrasil
172573744,klikwarta_com
306988337,OpIndia_in
235357157,ntvde
237713889,network20news
23624320,Tp24it
460862791,hyd
272532269,lacuarta
1140183523,Amruta2806
820882897,thelucipost
383922702,WorldEconomics
18570470,solhaberportali
26856266,Blackcloudente1
46400289,heraldodetab
1214245616844333057,phealthtips
86192152,ndetabasco
248176574,TOIHyderabad
145760696,ppfoodru
616376312,KoranBUMN
3743460078,PoliticaChubut
39520162,DiarideGirona
1083954519585652738,haberchannel
19344401,svz_de
2484761636,eeynouf
3181966237,Lucena_cps
1249646903920222209,metacintakasih
1049594641396506626,untukpekerjaan
1211892441529241601,BSE_News
788075355856773120,noticiaminutobr
1130086928806744064,Sp1ndex1
782973869653012484,StampaTorino
1001367540084375552,DiarioPiragua
4152020367,donmediaro
1029386990951653376,Santaportal1
3327420822,mobilsocialfund
820750434033766400,TravelLeisure
3064329959,RedRadioVe
1629950473,thepacificpost
1202687995934953472,izafoodie
1154427186,InfoMdpya
1090953089811603461,BestArticleNet
26785949,EIPGeu
3303159382,BMaradekaya
207559187,BloggerHania
237499671,goteanews
112752640,ikz97996936
355335944,alameda140
58270259,leggoit
40313961,Decenthome1
733987371511775232,laprovinciacr
1173297924123631616,cyberse49333188
397455719,prazapublica
913732650627665920,TruckThatFump
1146322613788119040,JornalGGN
39666268,easyclean
365904677,bulgarofficial
438316075,AjiBara8
236561849,YouthouseN
2224226376,chicagopixels
183530891,BNPB_Indonesia
76786936,ElChacoInforma
14212793,Playlistgh
27889439,desitrends_in
1028437122099728384,newsizz
52691735,zadoff1
974056183,libertaddigital
5273681,RRIPrograma3
2936278376,gazeteyolculuk
1886507720,LABUANfm
485578858,HQRingtone
2608989486,eidiseis_news
988735644,ghaith_alain
736919312431210498,jcarloslh
1526900196,UniondeMorelos
2947892049,portalclickpb
16328363,Turismo__OPB
262007453,patesalo_e
3772895061,indonesiana
780492329195110400,media_pta
312234018,Ahmednagarlive
4758940069,wikkitimes
218142668,izvestia_ru
48473575,TimesHms
177425469,213_news
121540651,EUSchwerbehind1
4885435445,focostv
17221207,Sahamdomin
4379405717,MoGhonemy
950789386823585792,news_mynews
1241079112157937665,NitinGu40497869
40626159,EstateBadger
56147198,alex_kovaleski
189699584,ElIlustrativo
253973970,eckvilleecho
18218604,Mohd_Arif
3129546693,mignewsfeed
1549916598,HoyEstado
1192227528,fcuking_news
200167520,UfacityNews
103588499,forsomeone_001
1189378280702402560,agora_rn
1255988867766931463,UnioneSarda
1023785346,VernonNews
1187149028057894913,Remicanada82
2569721730,ilwareed
1180810312653647872,AlagoasAlerta
1067229352755118080,Kewouloinvestig
3888351,msn_italia
1427565012,us_news_com
1016761575590584325,OkdEconomia
59077778,kadokawastore
14465282,stockguy61
20050498,OleVetUSAF
331021565,Humaspolsekwaj5
3264920857,botthatbreathes
4798830142,TamilExpresscom
3170249476,c_susim
1202181098,araguaianoticia
1381888596,SatpolairudP
723454298533699584,RoyaNews1
823000712519045120,endqr
2532617256,sebastienbardou
33742719,xm51000
4203731534,J_Renovacao
2468178920,MSNca
827068694530387969,azinsah
386278866,LynneAShapiro
2883213620,newkidatthis2
14830931,ladalavara
14158133,aredacao
2502256902,DA_DEMOCRATIC
20157199,4annegs
18364226,Venezolanonews
919474358,meneame_net
20792210,oui_xoxo
1216056743765127168,DialoguemosINFO
199978171,MrTAchilles
111050337,id_aksi
1177112853708333056,HumasTebing
140065192,StkArcNews
35098906,Way2gosassy
3305636292,RedMasNoticias
740806205665345536,thepressradio
833779480892145667,region_center
888399491023466497,VoceAmicaItalia
770366694762033152,Lv5Sarmiento
16141591,NewsTimes
424010588,euflavionunes
3364049313,asugaul
182433847,TodayBangalore
3363005841,DaraWehmeyer
230127542,CABLENOTICIAS
2161236932,BenHillCoEMA
268260668,illbedamed
455743752,AzriZAbidin
9690012,NotizieAbruzzo
573388946,bhambizjrnl
27460390,CanadaNewsblog
1242369616220913664,Bablu53676938
122489940,LocalBusPod
625593086,FeliciaCMcLin88
1209133111956688896,DiarioNoticiaI
1256983928797306890,persistentpengn
16525196,tv1_rtm
827649414479147008,yournews_gr
1082967276519870464,WhatstrumpuptoW
529586293,aandachtslijn
923679757,GetCalCISO
1148648675771502592,Pragma_News
1018749156813230080,RealNoraC
2838256116,G0MBAL_
1166130295,diariomedico
95746333,soenardo
411621494,DialoguePak
428169582,HexReview
1186940490412888065,CollectedTimes
196226745,sigap88news1
1082428236041211905,lojanandemoaru
20661344,sunder_barange
75724844,restartech
176345302,AFmedios
263647387,diario_objetivo
16130133,KodeeRolden
249117436,InfoNewsKam
35459052,SGLocalNews
59947704,GlavTW
958370034400813056,NOTICIEROS7
1257226713404182528,denunciazr
1947937148,MxicoNoticias2
1164567835298820097,KenChecicki
2311754208,KathiInCali
2811749462,DavidaStaab
1373462214,Live_Cities
2995678931,UrbisVeracruz
11770362,ConclusionRos
48832137,AlfredoAlvarezz
908180407946018816,ElAmaDeCasa1
48576339,twoVoxdotcom
815534687380799488,PaoliMichele
913537855846256640,polantasbali
1300301108,IPolsekta
185378235,punedaily
1205542393405222912,MJRowe2
994169085029175296,DziennikPL
1063095962246111232,prensaregional_
154453910,amt_online
941348929278394368,TheOpinionPoll
17976030,AguajeroRD
246121628,TotalMaineNews
461941414,lanuovasardegna
1537699842,inshaua
1247536205492678656,wien
58972703,freebiedeal1001
904222008,arabtimeskuwait
16167714,rasainforma
2886194193,Reporter1_TO
2234067829,cugatmedia
776446214644633600,HaluanKepri_
356599791,WooPinkNews
315817014,Tele_Nicosia
16184358,CNNBusiness
17159441,saanichnews
1962307112,AP24x7live
1241827220236222464,PueblaHoyMx
19644086,wlsnGGUtHFfNxHv
61953062,NewsMakerMD
179459971,StopCorona_bot
568494327,eldialp
1220564591584993280,OfsMax
840889837,capitanbado
3242480310,WillChill9
2839264760,ArabyOrg
1462570710,LaRegion
24881428,ColoHeadlines
1216825778928865280,COVID19STATS3
759507408062386176,murrayb560sl
211251197,Pressafrik
3293271286,AllThingsCBS47
1219902919,ZeeHTelugu
882664530802868226,donna_impresa
921193500137443328,easybodyfit
16737418,venezuelaaldia
2730681631,small1ldy1
1589340516,acc_cv_ua
170226165,cheezwitham
1164241178906320896,sportsalertnews
15535842,ScurveXperience
1235493494711619585,SolDeCuernavaca
2432423784,RPAutomation
935435205204107264,Dreuz_1fo
72478719,SebastianGogola
463162523,COVID19TRACKES
805401703,RadioMankato
40028364,jatengtodaycom
129600330,BNoticiasMx
947812322814423040,eltipografo
1925199355,InfoNewsPentict
50262947,385Grados
1041751522068123650,Billboard_JAPAN
843026657212473344,PolsekJerukleg1
292207675,Acordacidade
39551720,fercruzp
838405424487534592,kryptopolitik
3918737787,CambioDigital
1259755010276986882,iReporteronline
2956458885,EntameNews_
1165538934585212929,pacorromendoza
41332920,Natashaicwhatud
1489923278,leonardwuest
1267057896,contrapartemx
36204276,Periodico5inco
1143194513311031296,BleedingRoses1
1197219287435337728,UniObregon2
499107662,NewswireA
93827669,sunugal24
1014724810935623682,LosOlvidados9
111688726,zu5kokd1
2951074307,support_dem
2338850652,NuevoSurBolivia
1049389928147243011,NHKWORLD_News
64024300,UkPoliticsV
886554986632454144,GulfB2B
1204469048244920322,salernonotizie
282135000,WhenWillItEnd99
782113025289441280,raphaeldogg
317306038,arpassv
922974936,comanchelaguna
252134272,expressjanhit
1256592774406668289,Weeklyvoice
300760023,punefast
756122217600147456,1111HigherSelf
849428960,ddearce
1272747948,SulPanaro
848182679291830276,contentspot
2862570220,SYV_News
2961847368,UniradioInforma
28749269,JangkarPolsek
539981975,UniMexicali
722982356,HiGueAmber
509656633,opiniondezamora
21030699,sardanews
735029930363232257,AlimiNews
92858283,blogdolauofc
2282603017,Las2Orillas
15616190,KompasEkonomi
1221603113477591042,Haber1m
2450600252,rcrockett
478671698,sbrady1231
2877888580,ellenerich
188438662,deseguridad969
2357477113,queenymom
68240346,tsargradtv
1041997477,AbadiaEn
1230766671909904384,avasmv
1234689262840188929,Agencia_API
13237982,CaliforniaPubl1
972459563818668032,Jumuahabiodun
38331159,jorjadavis
133816716,sputnik_fr
895340995163901952,LtdWisdo
842693038216372224,SalmonArm
895056335150174209,sendika_org
1215422150783336450,primerahora
313949814,ndealmeria
1168870863518613505,DiarioTAG
933200845,Kathischu4
3230003706,Delindependient
21287212,KohiNur88069841
2831914140,LaRegionWeb1
18948923,SutrisnoTedi
1073501206675378178,RPN_Oficial
30289669,tuttonapoli
311028372,ETIndustryNews
1050073072336887815,ElmarplatenseOK
1832324864,MiddleEastEyeFr
47222549,tlaxcalaaldia
23772644,BBCIndonesia
706123898019049472,theupdaterpost
106902337,RKMNoticias
335176317,Todayglobalews
465416612,Haceinstantes
385091099,euronewsfr
829166459553140736,sekaran_polsek
2793371089,greatindiablog
337241482,polsek_kaur
1238486083,rayleengale
923389029210574849,RADIONOSTALGICA
922777587700633602,updatednewsca
481506036,online_satelite
1254038487306829825,InforiosCL
1254020673988710400,cardlessnews
2861919044,la_informacion
80143989,mahajan1bhushan
1243052659944198144,Corney1954
2423840588,leakersng
552221755,telefebahia
397853516,Boy22955166
1078133855687770112,MTPNoticias
38182362,o_parana
873189512167526400,pradana_happy
741876307479257088,TheNigerianVoic
1550697444,tehemmak
1255870216887767042,LaGuajira_
71650958,fiestasaquiapo
2684705295,Le_HCR
24800281,Urmediumcom
775666592134770689,Liverdades
27955703,thestartuptoday
47127897,luv_wins_
22346292,swimmsolutions
764495917420515328,VoceroPR
2229274855,ekointernethab
716004212,KatzAngie
1238138065723502595,gazetekritik
803346400553664512,ichunoticias
903204289098653696,istanbulgercegi
1112035549,utamanewscom
1206590006913126400,InfoFokusi
49984744,rpa_star
2904051994,CeeJayT07381069
1226199755694526472,MightyHealthful
132164537,Stijl
24544802,Voiceairmedia2
1542903847,econewsbot
3215082592,RoboDefenceBird
287225344,GrossetoNotizie
58759041,Prastiyoandi1
15110255,hagamos_noticia
3317249413,Eye_on_Pakistan
925736630836539392,FlashSiberia
2440945782,elsoldepuebla1
2323462747,PoderesAzmedios
3002608181,PoderCiudadanoo
522413095,01eg08031
109269437,NBC6News
1094578109024796675,indiashor
20224969,DemianBlg
17233536,TribunaOnlineES
4075241,dipbonaerenses
40315336,starplus_tv
365466063,akamasensei
19570335,bot42014871
969533361634017282,sumsel_update
1950476353,eldiario_net
325488932,tribunacampeche
1979522246,DigitalBoli
715388852832051200,paris_juin
300615384,henry_hwang
15870659,HuffPlatform
3437773456,AmeliaJRobinson
17190115,newzviewzoffice
98575337,RobertCooper58
100377279,MyCityBeat1
1468057442,LFrachetti
950205064035164160,saramark112200
1151174115467939840,caldev3
62818014,howarddevans1
2188676017,alicanteplaza
41601594,ratemytopics
68854669,SmolNarod_ru
4290453624,GayEqualGlobal
81626369,elindepcom
55671434,amanusa2kepri
1156247628201545729,AustralNoticias
89485410,LiveTopnews
2750790104,wznachrichten
87182149,Ramon2448
2194252238,VegaYVege
866947665531195392,AP_Noticias
59096141,Doraemonku6
44976030,KFM936
341467812,Rizkyputra4246
266001088,leoventuresllc
19499232,MundoTamaulipas
1059545364322287617,NewsFlat
43444777,HeriParyono2
41193135,ExpressK_KZ
1263036079944265728,AsiavilleM
1092018718354300929,RakyatGarut
734425814,SunTimesDaily
389477245,polsek_tk
1172020714532147200,vankapro
2438141006,klatsch_tratsch
18475104,embe05
1255180670881710080,IrishSunSport
1189576556428976128,explorer_viet
1029552194100584448,CronicaUno
1170688264493326336,Radio_BFM
1136270543668285445,giuseppeargent3
1088088631,phwxacts
2565481316,lizzardo7
1183723759,Sollencia
1265625046514622464,GeeksNewscom1
501577723,ChacoHoy
1253966827014815744,portalbrasil123
145635079,OdishaRay
3019662478,SingaporeJobs88
1148353821728489472,NTelemicro5
19543597,wgoqatar
4394037322,BradfordTodayCa
186506064,LiberalLoner
1183619330434617344,devi_bimantoro
1231968459510161408,generosomarcelo
971672340093267968,90gradosmx
938619859352502272,Societybytesr
436773029,cordopolis_es
2989556305,tehikucluster
189545820,nayaindianews
1255482281025843201,FirstNightArt
1295911188,prevencionar
3315155226,elsoldechiapas
109785233,Technews_go
219294069,saenews_
4715007915,anwaltplus
1243595477045710848,sdward1
826142830276071428,skorindonesia
998335747391275009,TVSCANAL42_
1217360872957304838,ProperGuide
41846523,takeonedigital
1011456218001563648,RabbitNews3
3962191992,ellorquinoweb
85752449,Googles87090745
125463375,RassegnaZampa
793311330413477888,hindirush
193504277,BI_Italia
61495298,rep_napoli
2904643053,rimbeyreview
1063598696,KanoDaily
761320685914492928,ChiNitipat
1149745730195808258,thekeygist
35579088,Revista_EyN
1254096094117736449,20mUsa
62029787,sphynx_tee
1192478705886449664,ElPost3
14449098,nick_chater
3371900770,MyZAcoza
1092883822473924608,kfedigitalweb
56809304,taytay_pcr
185473576,ANI_multimedia
705713402866487297,eldia_cl
1248605833492959232,kiaoze
1002606364722528256,maria0000141
910382153082343424,JBellamy110
28135772,todays_echo
920240263750025216,breakingnews4uo
581552687,Thairath_News
1025038499819515904,wzduesseldorf
1696564848,dingdongmusic1
1253691787543080962,unomasunomx
1079402310428549125,AlenKarabegovic
1259159220475301888,lacapitalmdq
1077682925381009408,SoldeTlaxcala
229947957,Bem97634622
1240273848601280514,RKhodadadian
1213400411341643777,roccodallas
776063255198388226,Gdad1
18959644,KevTKel
178779512,RevRadioUSA
1249105143276007424,atlantico_hoy
3139172047,zvezdanews
46684336,DroneStories
23214360,MedialokalCo
98300933,malundekadama
3027911158,Dammylink
1241199912236339201,JornadaOriente
1221419836485488640,AledehLive
1962294973,MicheleKearney
2819782171,LiveIndiaTimes1
714376599211155457,KazTengrinews
1248256813406900224,yakuzaishiwatch
1247878202556465153,djoloff24
1244513897261957122,sitioandinomza
149778881,rina_novitasari
192325236,gndiario_es
4312389913,Lavozdemedina
20536600,Reportcardodia
202106803,orientalnewsng
904909932,SomosFancom
26350330,Polair_Res_Sbg
2282376990,directorylib
1052798082419580928,etvtelangana
133008561,Japenmanjung
7556392,timescoid
16608381,ideal_almeria
814121478,OaxacaPolitico
280852679,chandanchanda13
1666804076,vipeoples1
132207470,albswisstv
1194600437405474816,ElDiariodelaRep
26363573,Ziare_com
324962560,DailyStarLeb
123722570,NgatminWijaya
26199079,fmsol915
2307837408,news_suisse
1283787403,JosPaul25075644
3178563489,PJMedia_com
117088691,brolingo
1611620125,Mediagol
1239265912840245248,pagina_central
41874610,allarebananas
82985434,z101digital
533732757,GoAcehco
926126009954398208,BX1_Actu
871911073271750656,PortalEducatori
3242209183,InStyleWoman
2247129458,Medienhaus_Schi
29009528,agnusteziutlan
115308311,radioperiodicos
1163217820475412482,Portalbmk
21417687,HELENEHmarly
1249110785109790720,Blondie_Robert
474852433,FEMsrl
102802915,Invasorpress
67594122,androitgujarati
399842685,sabisabigist
1206711029004025856,carinahaley
897475308651196418,NY1noticias
836356794943418370,LaBandaDiario
1932410274,infoPKU
618272448,RoqueRivasZ
1240820826473025536,thedpsadvisors
14837621,King07688888
880965564,kittytaeng
1238603242063507461,7sur7_cd
396044297,HACTEHACCCP
767479711194808320,gangwar_rohan
15442630,MonTerrassa
2676203450,Spireship
993839207553564673,MortgageNewsUSA
21366468,PushMaroc
1002742122301313026,Election_NC
609335814,abidsahu92
792319352846426118,1stKiersten
1247081476237090817,Elzorronortino
14709647,GenioWordpress
291227727,gomuslim
396969670,Vivianl64598993
1038062277180751872,DrHousecallsPV
3815284881,PeggyStuart
986248332,trendticker_tr
3872810113,JudiciaryNews
4498096704,HealthUpdateTh
2870377636,ConRafaTV
472722370,sinvole
65641752,FeHindi
22017142,dorosham2
4363571601,92AcuraGSR
1089210006816223232,tz_corona
36051159,mkaswa
3317853638,RakyatSulsel
117644657,diariomallorca
788036304474865664,RadioSavana
24618161,LN_Online
1235185766902439936,cawtvnet
1004741274,metro_vaartha
36842122,Mabbycrankyp
133872910,Andhravilasnews
188744528,tribunasertao
891590155500494850,KrishnaPChalla
971877736422703112,haibundacom
539054908,siga_atmosfera
40206238,novostivrn
1152715556,antaralampung
1202867682858528770,elcomunistanet
3839,HawaBinate
105073759,VIFreeDaily
1231776088834985989,JAMUJOWO2
418540325,AmericaDialogue
22125414,Homaionkabir
3686628867,DelSecretas
1109648677,giornalettismo
1123457425581932544,gm_products
874499163710468096,ceinmaelisa
94393480,SahebSamrat2
61241196,KnowledgeP001
1431677558,ProyectoPuente
779448091061604352,AntonCountrySup
67323898,Sie7edeChiapas
783433627744952320,CorreodelCaroni
1104718955543973888,foreaders
635425881,CWyant1203
1413503040,gorvesti34
1304885082,PortalRP10
27959419,SphynxTee
1254968893,prioritydate
1044568601573888000,davidrangel51
18456335,parlamentopb
3675240072,YourBozo
26774751,IPSIvoire
944287250,TSIUSA
22000459,kabarrakyatid
1204179017194246144,mobilsocialusa
181910370,genreviewsin
940607809032404992,kamupersonelim
2755631844,Duyujiedamaker
702318854588882944,maesba4
43339022,brimob_kaltim
4812127693,OsvaldBertolino
16736610,mesa_plural
1225309978770202624,ARCBriefing
749790630,Humasekdungkek3
17455392,indoximity
1103386121394806784,AuthcomInc
19788830,moliticsindia
1921599894,TheWorldNewsENG
103600048,chesterfieldtea
3286933064,canal12nica
41359434,stevebenke
266156034,LaTorre1905
789884562310631424,rezafallahi1367
8077072,RayN_Texas
1229487999802650625,Satmepa
2979145089,Marcvondem
1124712434424524800,drkatraphael
4443188837,gmarie55
1254333193034973184,1reddragon696
1198552454406778880,BigDimeBetting
564666079,Inf_Alternativa
712798371270909952,RobertW81555222
943599043124629504,DiariodeCLM
21281712,NewsParho
766355745369681920,premiumnewsnig1
1611617046,LesoirSports
2455700293,1962cg
67847457,360healthpedia
796900137121419264,SuccessfulFolks
727448522778284032,richgang66
1962400056,NoticiasMXP
131643073,PresenciaAN
1238851986969300992,MoonAngelWings
522106646,newsfordelhi
2272938278,uohanalilly
1248913123232407555,BabyPointHub1
1173525238367145984,canal5sancle
185424344,i24NEWS_FR
26267040,freedarkwolf77
95277233,omunicipiobru
984820230965907456,kkverma00007
832373251418488834,entuxsentidos
2493870691,Eurocops1
4498529961,BernerZeitung
3592336280,HOT_BacHi
3423735975,amirhamidcom
22061830,StarvisionNews
1041620172879134720,BalGovindPasi2
69460536,kodim1806
1322384672,VinodRajotiya82
1245711926006439937,brscottmy
1250045644078645250,daily_research
117063317,okoriechinaza11
3150585534,kmegargle
482707008,TheNewzler
1170897985,KRjogjadotcom
746940664458379264,Tagggly
952919070717902848,InvestingDE
18945939,PatchCalifornia
28373820,newsua_one
39606118,SouDePMW
1622859343,rubitv_cat
3067872579,Opinion_Bolivia
292423442,__Bot1
153132339,AhmedabadNewsO1
916991025289285635,linterviewcd
1100483027086569473,d_roneal
97604507,bessy_c3
399710145,SekilasM
310968310,ltoons
77307153,VisionPe
1467621,PortavozChiapas
247656924,CUBAnoti
38808541,reporterpb
216647845,axidentaliberal
796294822386663425,humaspolsekkrm
912793164200767489,AlfredoSergio1
417553124,igneousidol
757380912,wtc_radio
68413947,limportante_fr
1135520269542383616,IRISHAVIN
489377813,LRPow79
1182167125294637056,amsterdansantos
17477109,RegianeSLeite
16456122,O_Kanha_
519591986,1616hiroshi
796795231,countingcovid
10613072,TelecomNewsAgg
877454026664751104,OpIndia_com
1558444898,OnlineBizRev
1210368056020656133,EustquioLuizDe1
3313703853,netralnews
223461680,Mahalive_
121597926,InfosIsraelNews
1420857433,Style17strings
15342884,ShinyHappyMedia
2873639130,Red__Accion
1182144822221533184,ErinSnider10
251268824,thelegalesquare
41186732,Ghar_GadotaBpcl
421153342,KakasPolsek
1245425494448836608,ETVBharatUK
1097719514857238528,astuteinvesting
80698049,HarrysCoffee1
1080170526,jornalmovnews
976772536246652929,reportasepapua
1217702025284079617,okubeninet_
90462709,MetroTimesNGR
1158383561919086592,izeksblog
1020573795805888512,monitorulsv
241951015,alkassdigital
1010875395669942272,starjogja
239069744,Satlantasbungo2
15429154,benconewsroom
115460880,TvDaima
745677939023327234,RiveraMiCiudad
46217240,Nials5
824687937233293313,EPS1991
985964750549864448,MascarillasA
92977824,consiguetrafico
213007996,canoe21
122258904,EDISONJACOB11
28577697,burgosconecta
747103161370873856,LALewman
505728448,pbhoje
825688551178252288,fullview_sa
465857510,dermanewsok
1110466986536951808,24_finanza
200141039,NextgennewsO
3286577887,caminhosdorio
540194877,Rose52413
22646616,RomboidalCuba
2884012180,KudlaNamma
1233605386092994567,sdwhite
1112732265077833728,i_zekel
1188183493643247623,noticias_cuatro
270569708,kathmandupati1
853299830,contract_man
189583499,CovidConfirmado
968687275017232384,culturalanacion
386007819,mldxoxomad
1023997569486266375,Cap_Institute
235939794,enfoquesanluis
214206926,DharitriLive1
824014943515189249,jayusanskar
104613681,AnilKumarKapil9
1948326829,gilnar76
1241439328959528962,gonzalez50505
16213179,noticiasgob_na
1017100946105602048,bdnews24com
34871228,manausalerta
4024629856,NewsShankhnad
2599814330,AtalSamachar
1074941141865222144,PianetaMilan
874558344593195008,wknachrichten
1688351,RCNPublisher
430620548,officialliputan
41272136,FrankGalvin9
1032926792988819461,Trump_Force1
3746387783,StageYaneu
798531094945611776,Ciptaningsih10
51435825,mohammed_coo
25986984,ingorj
163513917,sedayudua
15427388,scott_cb
154136730,oceanerazzurro
1147607612344721408,Arindeep3
1133489722280386561,chryschrystello
308033951,freddyatton
58047741,mvdpmr
104757952,LaOpinionLA
943349784152289280,Reinigung_Mundt
751842996,jacquelynebloh1
1440916806,SCoastHerald
1097078469136019456,Thailandplus1
1108729460885463040,ElSudcalif
403344479,AjsAccountants
220064617,05_fala
574712593,INtricountynews
147537724,courrierouest
53616122,diariomediamza
40317236,TunariCba
17514024,BollywoodlifeHi
25671405,filmykhabrifeed
4565581217,NewsHimalaya2
7406262,mynet
703705202713456640,notife_noticias
1232190559,MCRiau
3984372554,news_rimini
456823657,jornalopcao
1952855342,Cubfan13241
24469231,littletboca
207508959,TomandSteffani
2900519094,PeriodicoToledo
823507620627681280,hacking_future
801468882754019328,BALVIND81553704
749521287639240705,EnSuddi
2579852005,LeHuffPost
987391105774833664,lavozdetalavera
15737296,Farbeka
1162840218388578306,portalfonte83
863098615211937792,neuepresse
1277504906,horizontetunero
783513305830846464,DiarioHuelva
535109915,AgroCampana
116332298,UnsortedCo
1245556849778163712,EdySusa70279970
1570778112,diarioenlalinea
367818064,portalcamaquars
30009154,statevision_jmu
137552604,AlephsMom
113423108,TeresaMac2009
782041195035975680,LT7Noticias
748271046231490560,tagblatt_ch
574687405,toplivenews
1011971289295278081,muryati00525656
266019106,OfficialiNewsTV
775679901752037376,baltsunworld
15153290,p12_diff
846456959570264065,oxygist
788715618291757056,kuaro_polsek
451206805,CheyenneDancer
1213205832243933184,NAIJA_NEWS_BLOG
266102331,IanSpindley
938002728898347008,Republic_Bharat
733533432773402624,Lopinionista
2712761779,FarFaithNull
2556967117,bessy_c3
3219680120,WitmerCarl
1216780416,UNN_News_agency
143142203,JudithS97738428
313176256,Earthtenant
1179795242662453248,bat_tui
59825777,ConAcento_not
2855717202,Eleconomistanet
4218798131,Jmf134Jeff
99264128,sasyecat
29769142,EDNTVHN
118975430,dinkeskalteng
502239069,OpenviewOpen
995378379380723712,torynowdotcom
140083975,RandyMBell
4477004832,clubjuridico
70904657,SACoronaMonitor
934833383493984256,PolOpinions
183760159,LetsMaui
142041827,goa365tv1
4234221820,IDNNews_id
23331814,news_bologna
963084669255380992,SalesAgency_com
626660983,omyword
15774048,smnewsru
44709716,MikeRJohnson777
1170201490482327553,JohnGranja
206823593,theiconomic
52689556,karen3678
1601004499,BrownMendes1
2447584416,broinlaw1
65874320,TrialBulletin
150263206,saluteh24com
1923844412,BashorunGha
85779821,Tuitersion
262193875,yabiladi_fr
1243310089055977478,Gconfidencial
40617776,MrConnection
31143885,InfoCilentoWeb
11787672,Infocamptgn
2469679688,NewZRadar
23943909,Shemdavid12
1221157125772193796,ElSoldeMzt
1480234626,marcos_pontes
73254822,MatthewCBS7
178557358,FortunayPoder
141502393,AlacritousCrier
1325518992,mittelstandcafe
115693605,Telegrama11
728251546757152768,TolucaGob
31106780,RedazioneTvcity
399361056,arishmaryshow
2792382936,ThePenBugs
816926319309156356,coronainfo_gr
213538183,ARAeconomia
1229728312794042375,Cronicadexalapa
1445279004,SCOURING15
1110759625194758144,NEWSBLOG5
3359010064,mccossu
1221922726778155014,MonumentalCR
55191484,Mike_Empirelpm
24820841,netdakiyahindi
32578531,GlassHalfFull57
1138928168,qalanewsaz
862624394916626432,JohnKaminar
1170461810505338880,Eurofactor1
1200468209977180161,lasprovincias
127483019,JunInoue20
469350414,KGerard63
137253079,EasyYukhon
16199942,hazelinealejan2
329538228,TOIBhopalNews
1023114824,P_SungaiKakap
1613963288,Aficion_Central
1252687704464162817,Republic_Bharat
54297077,AndrewRKing_EU
17852186,aryavartwebnews
1004318000584056832,raphaeldogg
821781392778547201,pjoshi095
390403677,CarrieFriend49
1723220658,timernewscom
630327815,ektaka
992661507753132032,DaisyNBo
1629673561,setkabgoid
40297061,TheFANMankato
1173286656,ajgma
848814579358588928,News_Messenger
229468495,Porticonoticias
1602044551,lavocediasti
1188450504747212800,SektorPlayen2
29767023,AkeliciousMedia
1053164973709504513,drspl5
1124129745623379968,PortalR3
128483210,elpoliticonews
1171070878584582144,Fantacalcio
405734037,DbAshby
542796255,bazonline
3034829295,rayleengale
1166897589985263619,eurodiplomat
3193252599,pazpeine
3463421232,latest_naija
706203893634469888,HumasPolresLB
14304373,invertirmejor
1220689759,EuropeNews_b
1252514844743471104,periodico_lavoz
442283723,eha_news
285603076,HawaiiFreePress
107438849,lotsofuss
1184677940996390922,CBSNewspathLive
758729592672653312,Abama2011
2964562403,CompactoNea
1141868123861082112,jose652524
827049793360904192,AqeelAn02985865
42996191,andThisAndThat
986758519318695936,KingJerry146
1014171003960938496,PacSHub
388736253,CriticaSur
1546184846,Jornaldamidia
485841599,elmundohn
459685872,AhoraGranada
766961677,Pradeep57505668
1243621009602854912,sharp_bharat
3347020744,Man76Infantry
905058270,WSTimes24
2848705007,MSNLocalBoston
1250465541053190145,Hpalasah1
221031131,antioffline_
113108565,Jarrak_Pos
1212704485388107776,imagesbyeric
67036582,killicktom
278716299,miamigomascota
829412289686024192,AldergroveStar
2336527416,samuel_edberg
201409562,RdtRadioStation
26953334,Govtjobinfo4u
89064986,TexasFourplex
460611317,newpowergame
260911380,DayakDaily
1234294720014114816,Udayindiaonline
1253202551450873856,NewsUpdater7
732916291732963328,SekMako
1215539143985520640,Arafath74
312599713,maxuel84
1167621855483707392,orangenewsfr
298411313,a3noticiasqro
2423311951,PolsekTSiwalan
1015683070261956609,DCordell2016
907419378961940480,aquarius1049
797065474127167489,pulau_polsek
15236959,volcan03
2441322325,NewstownI
11242312,JCarlosdePC
727378331239366656,LodosHaber
524240476,Confilegal
462715025,mediakendaricom
1235996764324446211,China_Fact
171548670,BlogCesarVale
96716561,NewsFastly
2239957297,JustListedBC
827577230788136960,CireAmai
3286322893,NoresteDigital
30560988,CapitalRadiotz
2192010002,ButterflyLove_8
19901424,MaliwebNet
839230834540322816,LaPrensAustral
4077961113,BKertasari
989015504,PR_MCulture
1028489004,GoposId
2932813026,ChameleoNyc
42157175,AlanInnovation
747464811336826880,ElizabethAlver6
1202656180268621824,BentengSumbar
2026431,UAE_Forsan
1051186452,krskkpru
1142807028152356864,LexisVeille
1536689599,KJNO816
195883445,comoresinfos
64664689,TopNewsRussiaa
15357578,politicaalagoas
2974304162,PVSLine
876911290723258369,NigerianDiary
801558991,rsszero
1475530404,RocksNoSalt
1025340320,screenfeen1
427819616,DailyTribunal
92049863,Epijobs
1198762232,OffsiteCyNews
1037822828,AkaNewsOnline
27376696,TechPowerNews
1951489513,CountyMono
890042455407575040,healthcarejon
37630714,yakutia_24
45788514,suzyq8825
819555333727277056,sulsel_satu
1242468498523049985,e391615r
574405888,MaureenMannion2
39606936,SAARTEXT
133259087,ACritica
2673910734,telefetucuman
1852055082,minutounocom
18816301,ElectionLaw
2964974777,Solarman1955
1123485296551706625,muzirizpost
12141752,OptimumTimesnow
159114907,olivier_patti
1226958154681896960,pawdebb
786549338818224128,OyeMbah
1045340144201596928,kodim_0710
1043279295454445568,mediabanco
968662418141450245,Wilkensonknaggs
2210329521,TBReporter
4833396790,VargasEsNoticia
1148013282109865985,Vivek44239530
2880495217,radaramazonico
3127947520,PopCulture
152740251,PorvenirCuitzeo
172339414,Noticentro13rd
1014061716131311617,Nordkurier
288685926,Soyquintopoder
2834517203,atgnctweets
3899309836,StephenBright
1241621974310211584,vjl2
23184067,PRproBE
18742360,newshindustan2
340620842,Barraportal1
902867106177454080,LightRaildeals
1018492518181363712,508gloryFelix
192870646,JenniferD8133
726342592980344836,ResisterChic
833307372,BagdMilkSoWhat
40302362,CMariebrazelton
432396682,9f3hf03n_n4r930
21287066,47News_ru
563890062,EvolucionDiario
27449834,iplwrap
997214626466021376,newszweb
3060462260,Infobierzo
269217344,RealEstatePaper
33837043,IndianTechPlace
90247526,lanoticia1
1195936567535104000,zktube1
58337559,DrWaldoAyurveda
4822373285,seacreaturemama
22613279,WestmonsterUK
780256890018070529,news_ravenna
524656016,akuratco
730827962979745793,portalsertaopb
59189162,BudGothmog44
1213898723790446592,hblwebb
4201996751,Prakash45020330
811972460560019328,republic
1241303802134687488,cyber_troops110
455024343,fkeverycountry
1016198241417822208,drfahrettinkoca
338985020,afpfr
108391251,dainichi_co_jp
2294172542,kelly2277
4187275698,TirtoID
124003770,valoreconomico
314957232,BrandBuffet
41702018,SPRiNGNEWS_TH
227837742,Thairath_News
4814182687,DiarioLaPrensa
1226167963,PDKMom
338004749,MailSport
2203709322,smc429
104249727,CJ_isnowblue
815265799002869760,nytchinese
25097735,bbchausa
113709009,EnriqueAlfaroR
47678782,JohnWest_JAWS
439164730,yoti4423yoti
1115538035167330432,NiusDiario
786151699996041216,MadWorldNews
827934520112472064,BoycottUtah
901340008820260864,realdebfarmer
1587652249,MontyBoa99
31037199,detikHealth
15861355,SadieMaeTN
902926941413453824,ilfoglio_it
223831644,Ojo_Publico
1225696320,rmol_id
4451570595,ReutersJapan
913130418,Rassxas
4061586491,InfosFrancaises
43814969,XHespanol
903045224267735040,FafaFalun
110183325,astecu_jp
3370328157,elpaisuy
46608340,tctelevision
738149822,AlertasCOVID19
1174868700194844672,WerkSemiotik
102911449,el_telegrafo
16244449,CraigCo62
15823722,ArtsInnovator
1153929160961744896,DailySabah
45602536,mybreesze
183036873,BrenSumner
1106193729235402752,Articulo66Nica
17209415,BBCHindi
108951721,Worldkn48935502
143426568,DiarioExtraEc
1329123577,MBOKSR_MAGA
14839147,elindepcom
112289834,diarioojo
588732151,honeygirl1978
200846651,Aerolineas_AR
821699497,T_ARTS_PRETTY
2984417534,maperezpirela
824922110,shossy2
239760107,TeamNews24
1044296977859538816,dad_darius
15324851,basementvegan
29785926,rluizhoffmann
33874302,solusnan1
14297863,politicturk
2321213066,Cdanslair
2750105810,WMN4SRVL
14869615,HitachiKaihin
130764052,laprensa
115485051,cronicaglobal
1542862735,asiaonecom
274233761,VivaAudreyV1
62790685,divayoshiko
17774061,OposisiCerdas
889414427786825728,LesNews
348815463,EmranBarry
246871490,SuNoticiero
1233994338922684416,elperiodico
978487021957209984,rmol_id
956494460166184832,RobRobbEdwards
402593346,CapitalMX_
2491484208,Harry1838
798918201107251200,grupoeldeber
10168082,pagina_siete
1234370190688673536,SerendipiaData
69807765,punjabkesari
209467518,Seglahson
1530798872,euronewses
1416349142,fmtoday
73181712,ReportsDaNews
852116413,DaveKelley6
864674587518287872,GobChimalhuacan
36603391,IslandGirlPRV
2249531,GonzaloCastillo
3395436645,aletihadae
313821005,bankaku_yukari
159950603,blitarlantas
708861759029977088,LeChatNoire4
947934725271846784,heuteshow
280980769,Jrlvr88
1085597978180702208,ShotsRangOut
636524188,haluanmalaysia
242759237,Americanist4u
715053146,dailyworldpk
1958976074,CGArcheta_
2775303329,ahval_tr
1607352380,SinarOnline
391167104,HowyofWI
1028952895,NDtitulares
2267241,ElifAybigee
989218016255709184,drramadoss
444225252,ElFinancieroTv
497904169,martysalo
168300274,GAMBA_CL
52089472,BNPB_Indonesia
735928021,ElDoce
1034935550,lizzardo7
455697160,detikfinance
143608676,KCAddison68
34082810,RobertCooper58
1174967016014303232,nakkheeranweb
1214970651255201536,zonacero
82960348,levante_emv
161814182,KhaosodOnline
1404087277,AnnFrost3
2341885704,Tarida_Indah
1579596458,Freedom29003758
4424528603,bSM2TC2coIKWrlM
44848264,correio24horas
958115923633803264,SICNoticias
1108408991569379200,ToscaAusten
15930883,JohnnyBlkshrt
1176493001989853184,allanjohnsonmn1
877755590646353920,public_rex
764003278833061760,ecuadorenvivo
18185510,BPJSTKinfo
8315402,olhardigital
143294767,marchsmn
249875929,thewebbix
136463849,DenbrotS
63528313,tateyoko_jp
808638164411842560,AnusornOfficial
242555999,evoespueblo
23153246,Jelop777
800177784,PapooTx
2914808981,QueenBertRoyal
17706291,ClaudiaMolinaB
95423935,MtnMD
80559922,AIIAmericanGirI
151100867,tvi24pt
811750789664428032,PaoloLuraschi
289998339,VoiceOfNations7
2789509362,AsianetNewsSN
21567660,foxtroopervet
146322653,cwebbonline
3308973275,prichan_PR
14815838,MAGA2ARIGHTS
1188117090340880384,elcomerciodigit
880483720943226880,meneame_net
977146163513012224,Blueprint_ng
1100488788,loushsh
5462822,AndrewKnight226
211479919,SallyDeal4
2851359505,cynthiakiker
823245705439547520,BobRmhenry1
143679652,freddyatton
176355348,CamdenWatch
127283816,Phylter52
1717521084,Intrepid_2011
1001749519199956736,FortuneMagazine
603018371,Gestionpe
199233142,officematsunaga
352226843,TNTSportsAR
941790392512601984,Animals1st
1037456918011363200,DemInRedOK
1069016744,SuperesportesMG
60954521,amaricord
895773026,Sjladuke75Susan
2907408203,voaindonesia
100402215,segnanti
759511561648140160,NOS
3276509467,ClareWHarris
258081766,NiusDiario
1006198505470349184,MobBossTrump
761469053181370240,cgtnenespanol
38669647,Viefelsworld
21952044,jenny_weyler
3435205457,bbcafrique
17943537,ola_coola
873428526359355520,coronav47062349
17434625,IDLEFREEGuy
113283096,CrazyMomma007
1494710708,IrishTimesWorld
1850680093,BKNgoid
130134063,lalibrebe
475091975,edogawa_city
361372147,MaryRWilliams4
3069279631,ReciteSocial
77542681,baixotu
3750828441,MattiaAlexand
1257676687359254533,TanvirA80714326
1105131340020760576,JohnValJohn3
2633984426,IYohansyah
3310124155,PeacockRandall
2360255202,HANjehee
3147308581,dataraninggil
929832459016925185,AngelMabel19761
963462104,ZangerLiberia
1116474488441360385,zunderwhelmed
1104896282273955841,lowrad57
1225357547764436994,WerkSemiotik
924066781630787585,totilee
124981931,VoiceOfAustria
1036277441940135939,InfosFrancaises
1241821023349112838,smp0312
919549446731583489,Gelson_ggc1
1212657013680795649,Elizabeth1994br
2893830911,Catheri76130871
1220159291262427137,Poohintraining
1246490153247543304,HendroZed04
160321626,RobLennon10
217649062,PongkyBagas
1169475428299358208,TheStephenRalph
953907760583794689,apptrumptracker
1190782009834115072,Anirudh1969
874191251087572992,StakanSpb
1232660161463910400,FozzieBear88
299143390,JoeTheChristia1
1225011411648237573,elindepcom
1196378006,fiditenominem
2975195890,laprensa
966427046581739520,SinarOnline
964214750258368517,COPE
1157739574665367552,bilgihazn
856458158436429824,codebluenews
7849082,Lindl18
60167883,JohnWDawkins
3133497048,amarilis439
1063402719946465280,Pabanrimpolres1
1091427224991879168,Carolyny1948
1248178379196526592,Joledeng6
1192939156130807809,1404Stj
2879999342,tokwan_jeli
172748155,BMLewis2
114395176,PaulDRamone
847399784952455168,dtxtc13
1133819469275385856,MarionBurr5
34906311,BosseMdigi
1178417352511127553,Alysadhani33
156593609,bright8694
915759161043853312,accident
2516920201,WHSCI
1021192197914464257,LeChatNoire4
600971703,VPITV
1011008340367953920,ShelKel2
856174416027426817,LafizzyD
1241458055021080577,Rich_893
829511896881520642,caribbeannewsuk
807237994348482562,Mustantos4
723608486593073155,AvigalLuna
582379772,kateneuropsych
2367613675,The_Nabster
4134484817,SandyMcInturff1
16223941,Think2_Smart
253779050,ColohoMall
1037062420731232256,Goatys_News
967275149908160514,covid19bot6
15961286,Tamaralynn212
17184930,nanelvisfan
2379078962,FoodAndWineDiva
946780971612999680,WestergrenJon
859204166278930432,MettlesomeTeri
35219345,mrsstarr2011
1242449191865069574,PostBoro
2741787791,carolyn_from
799648863128875009,teufel_martin
1025051219746861059,VCatillon
3589190177,Gabriel4026
1001947395494764544,POspinareyes
1054717594429665280,Empnew
284385811,jpb1467
324439521,ContagionTrack
139817202,fbcooper1
1003753267044597760,anneL5694
1257100471367426048,jlq529
3133488306,BeverlyFolkers
3233693470,NE0091
738786290313920513,Vmbritsch
1075852337724440577,RTVi
160142930,irisstylosa
20927378,sporeMOH
1931711646,shinmama_shien
253043866,jayadani22
281021618,BairdWildLife
960877518084505600,CHHolte
1217799815406477313,kbptindonesia
1220859710288662529,Melekh_tzippor
756612374392606721,buzzplus_news
779262744944119809,curiocat13
29002926,delabrooke
254865665,ohara_polly
55563770,JimWard85525975
128907098,Gail16248770
1104435050035245056,JimWard85525975
301352485,salud_mgp
1186063756129910786,Teddifish
386083521,purwoto_sugeng
1165627579245584384,1feralkat
893316758987128833,SxN5JUCIjFMT3P9
1067128753963364352,DNewtonC
792410733418078212,channelstv
1341999666,Tomynyo
253911923,CyndiW100
1693975998,genevieveisgg
36986564,Johns2013M
897788051241394177,CardinalIda
25746381,MrNoelV
61815331,Francis50441920
1180184389012996096,bluefox072
587509290,TXLADY7061
989124488074756096,veronicava7771
1021097848144891904,SassyNeveragain
44587476,MaryRWilliams4
1013589040581496833,BobSmith4152
1009831809855688707,CamdenWatch
2227722464,ap_o_mp2
300135299,weter_bet
1100902335906078720,RACZPATT
1198900731140395008,KemingY
1148084022716747777,kdivies1
914816198243704832,EarlinaZH
1157903113,rodolfoziberna
747434339265187840,HR_DESPERTAR_76
1188585828773257217,CdTx35
2616904309,hidenaka1971
38477590,just_old_joe
20653946,Cahyo35102616
2591570599,TruthTellingNow
1046253602854105089,hannahblue3
18511698,NanParreno
1218840266167156736,nanelvisfan
987423951587553280,AndMalaysia
861273429516931073,WegeSusanne
938848795600801794,AFPespanol
1231233649732997121,JillHal08164323
43537606,ysteev
3641337614,endinwell
430018807,kapibaradesu
1153994552023355392,kienyke
378662515,Aadhaar_Care
418587847,SusanKBradford
880373182347309056,MillonaryRecord
1278288708,PSukmanto
989620905641885696,MrFin
2415399587,Robert34074063
1179878655192961031,GuntaraJoni
1248709971749023744,GlassHalfFull57
32895718,Rana30880525
23659863,Maria88732620
2880696018,borajinmu1
97110597,JoeKingNow
253213841,donkeyman909
43477325,MaryFabulous3
861696753493397504,EuEthnic
1146802610734796800,waikikigigi
860391680830087168,Archivist1000
133277792,AlbertoRodNews
796953680511516673,WonderWoman934
1257676687359254528,TravelWithMOW
30122678,laurielew1966
41565964,lunarface2
1229954919433564160,Seetyo
746377806754394116,DestructiveSoc1
925530990415613952,Lisa31030403
2616827749,Lorie09784403
73650794,KathiInCali
218050014,WINDI18334702
1223532554587901954,LeonardHougham
4036030693,McneJames
952927255151435782,carol_33410
1079424182096723968,KXecutioner
1564480639,honestcitizen8
493293980,CalameDiana
14194329,KatwalBibika
14373301,MiKuehm
124517092,EricSerra11
249236062,Kraymer5
1476735240,rickyvaes
1185559962044555265,SadieMaeTN
999658003996569601,CNNIndonesia
227889765,VirginiaLoughn1
380542968,ronysamosir3
1215397163343196163,thetrainline
829467819179900933,UptownMartha
31584989,ZaxBeez
3395847226,HoCUpdates
2413314535,reginaw50361
1106308629454643201,sakitamanotarou
824301843396390912,JeanNix7
73010036,foreaders
147018288,HabgoodSean
467341623,SueLMH17
1220831296521371651,GatoTunche
2460335661,ThugLifeSocial
2456568570,dkaytherockstar
210129280,CHHolte
296387250,boerenverstand2
526390746,MaitreMDLS
241173956,syX58GaA8J7gRYu
937898797191127041,delfinocrc
26885416,PagkalinawanL
1099581431930597376,summa_isme
3120157330,lzapp16
432322529,salud_yucatan
935445490904326144,Jannico71
3345287200,FaBPaule
1203628115295186944,RealMadDadMAGA
1184865147761897472,oscarje35881589
816377503769980928,pameladubsky49
1170636124236042240,RudeFulk
202007411,ResisterDude
147161352,francklyspoken
150880080,ClubSpeaks
571320312,sterlingC69
982377732230254599,ajgmarques
321120449,VonnieCalland
2818295643,winduristiputra
1173160681300004864,Ram161269
14592007,Mehdi50310022
797899193696317444,donale1
1054362765849182208,mindylee26
183268861,zar63436257
1075389805473792001,PAPPY_F4U
3512120116,ARMANDO73749852
1227999980654407680,kate_lynch96
1123347101973221376,Welshsprout
2358609623,GiftedEfixi
3876383721,csibike1
1137157734779052033,LiGrausman
1242400843636195329,Jacq4Peace
110448802,HurricaneEve81
631149574,NewsAutocorrect
12114462,traveler002
2674001280,lizmoblubuckeye
1230737444502245377,EsoOrc
713129073212526592,SetengahWibu
134745162,lunaperla
2646186498,LindaMarkss
1189972607405182976,dimbiddy
1147713493,Tav_assoli
149763376,sunshinek67
711889272639459329,frogfull
496173212,hwatt
1153176504106397696,ericahenriquezo
1084181788082270209,Chandra74035183
375229013,cubafan_d
32882593,GGthinking
122580105,nbkdsm2
874065317173096453,QueenG719
2955309247,OctoberFerguson
576730217,Imdragonman420
1058851222323687427,joeStef56
297036030,Redskin_girlnm
2157548857,AceHoffman
2365953272,rojas_sindulfo
192560298,j2dumfounded
1050430066214297600,HolgerReuter3
2450805341,Jasonsmumr
927922520258363392,jaideepSTOI
788877828712501248,baliekluiver
780233778388008960,hipchique
1220206323515572225,CovidbotPeru
3392207811,Sandyk5251
75087004,AprilGreen93
821800959630155776,Pablo94352843
800037745024339968,DawgMother
1253961759448276993,Helen504
999509736704921605,WitmerCarl
301304558,ChristineRap74
1888284258,saeni_sukri
294830333,Helen504
810997648551530496,BlueWave215
67738915,cantcu
4366388368,Arctic__char
147242475,KeiokeioKenai
25566573,C19WorldStats
38492666,RonKorkut
33183740,islalola22
801979466411077636,chrisg409ubc
46361818,Mike36078854
490267299,WwLuxx
415284885,LokadataID
49479101,suekhi
109245855,support_dem
2457829652,RaeSnape
811361538535604224,lstrollo
144850084,ersanaufal3
246478405,PublicacoesR
765713049038757888,JuanRod93116202
1193852685327294465,queenymom
3930608896,siztahresistah
452465728,ScotiaColpatria
1239274485431373826,boreyouoh
825074418011471874,aasambo01
317392595,WinkProgress
1102749780,meow2438
985482300233150464,ninibop3
1935202736,S4moeD
145415756,chestnut_daniel
898296390,dobreva_jivka
3905684355,PhilbertTz
991696939459760128,ScreamngEagle
1219068297540521985,Tikasetyaa
2473150938,FreezePeach5
1080815723788816384,giorgio_tw
51547351,kevinsteinley
893140928327589760,CNBCnow
1141977372096266240,8ueBd6tf29iYRpZ
1135379990462132224,Revolucion3_0
879801541443674112,numer344
769869708359237632,VPITV
3052324374,cnbcindonesia
2895686424,_VicenteSerrano
1587217921,TReporta
987691674,small1ldy1
393742490,gotti_okaka
32391821,Radio_Formula
159955958,millardayo
1270776432,TheLeadCNN
3167639640,Kalaignarnews
609376861,ToscaAusten
92597709,RCR750
776886111310348160,cheryllausch
249393307,elmostrador
123487422,globovision
112715721,navjivanindia
222676935,CJ_isnowblue
14630564,jperyim
8236782,estadoisrael
174030269,yenisafak
3189484321,UAE_Forsan
725333938789568512,LimaNewsWeek
1192483572185255936,progressivepush
3165384329,ContagionTrack
756331316,lercionotizie
402559824,minutounocom
180487478,ianirut_
15307435,rtl1025
2223020886,fanpage
602774828,Penguin_Indy
1045595788754149248,itsreallyalexb
51375081,jornalextra
954470334,pmnewsnigeria
15098879,LaNacionPy
1138069300160237568,56blackcat
36705125,DivHumas_Polri
1936383199,ps9714
70063029,nyanseg
1115297214325194752,cryborg
951630050239107200,prensa_libre
839099917121511424,BlueSea1964
1086287107608461184,PuestoLoco
19177501,NH_India
326562333,telegraaf
580858248,meaw8588
2385255258,CMILANOTICIA
857735917267759104,LimaNoticia
1037648264672079616,mrikelme
1094435754648846336,ktnewsonline
1494927698,Medscape
67165437,peter4buckley
1085505375904898944,nicaraguainvest
762866032788639744,BFJMedical
1138503263224045568,sdr_medco
1157909288007827712,AlvarezHashi
746621886,RodneyClaeys
188056540,HarryPotterMAGE
1252771624622927872,FlashDigital_es
110946158,YifatRoth
2654164081,noticiAmerica
31475117,DLasAmericas
19990293,Sandinin
2292116678,AMXNoticias
965939967452156032,ABMINM1
31059230,DiarioOle
68596545,antaranews
67174925,BagdMilkSoWhat
18304860,inforbx
968067084369317760,delfinocrc
1204902669757931520,teleiguana
735486356537937920,UnoNoticias
230175706,ecuadorenvivo
916008599205359616,kral23161
399423669,cinhabernet
900042443281883008,RFERL
42700240,oracion_milagro
738382820372975616,calciomercato_m
843556423548067840,DemocracyStorm
221725492,angie_keathly
18627726,brutjapan
276494998,HoyMismoTSI
24236494,MedicVet68
853726197670453120,juriobolude
1075659285135265536,ItsJustJill
376920145,pesterplarson3
10716532,kichintokitchen
250193313,Writer_Tsubaki
3760236855,KontanNews
7649082,Las2Orillas
1241171105169243904,noticias_tvperu
104697055,BEVHOWARD40
14204133,JapenKelantan
3178522242,2001OnLine
779340061263425408,neXtquotidiano
24996233,xeunoticias
52392666,AyuwokiHee
367873443,merdekadotcom
35455609,solhaberportali
191311783,de_rt_com
110172911,LazyWorkz
119599035,DemocracyNowEs
14168973,TeamNews24
1240431763,JatimPemprov
95094497,Einzelfallinfos
1144559251303673984,Katpa73
734059823436865408,kuroyodomi
455585786,unavailable_jp
2284051416,MunicipioOaxaca
21116401,gercekgundem
1082896194731495424,GillesKLEIN
1491160081,bigleaguepol
164893463,gumboqueen3030
549453509,Napneung326
2809786644,catalannews
220412723,EnterateCali
47404357,tucsonrosie2001
133434802,ForsanHindi
1187049904499245056,newsphh
259325103,Shi4Tech
927751333247111168,JdeQuebec
86436745,izvestia_ru
624762482,ncdn_negocios
44578328,glaucolobofilho
14321959,publictvnews
4421977275,DunyaNews
2318304726,RojoRurba002
943532548495327232,jacknielsenN7
2176476241,Sollizz_ZDH
1079525815908474752,Tachiyomi_TM
816291044325261312,Nice_Matin
237299704,LeGlobe_info
15880163,RedSkullxxx
14820509,helderbarbalho
999949786999554048,santec_k
1552134355,iche_me
1157233151208513536,CRI_Turkish
4160827457,rnz_news
826882538467647360,Gob_Puebla
791716130444369920,gpichikawa
870871753983000448,rsmale
518254771,BlaguesDessins
2484739693,SbastienMlires1
1140766849300344832,johnny_queer
99734605,pintor_bot
44136556,okezonenews
1062458079470599936,noticiaaldia
300846601,Divya_Bhaskar
221502089,Publimetrope
737316559,ObservadorUY
467134149,briantopping66
2304652394,pttvmovies
179953281,AshishPraksah
583447601,Lusa_noticias
1245694082783027200,DiarioContraste
881534046362361728,CheerUp51086043
795698026606166016,PeriodicoZocalo
148183705,the_ins_ru
4860151030,Cronistacom
131189549,RamirezMiguel64
19000029,Unionradionet
338174945,tambonic
929963718,healthcare_tan
2905716522,jcp_cc
264034657,Dama_Cristal
1613459636,Caretas
14708870,oneindiaHindi
98443799,vicemincom
2184489764,bright8694
44988185,K_Thomas_Ross
2585782921,elimparcialcom
1035898405128691584,Rickster_75
47340859,jtd_gameon12
1015245563795681152,IAHULAOFICIAL
940006015612915584,ZDDK_
1087001024089464832,discovshaanxi
369120654,designboom
914806055745417216,O_Strunz
777132547516096512,C2riIzUjSjnxhUX
874757267320577920,SharonOates2
425580734,jurylady5
170616732,varun18vijay
279176310,s9tmt
1097354129590996997,pmrnabawan
1926381835,GodessofChaos71
2865086833,viralvm69
15592151,njmike731
555227531,Joni_Looking
1178336183841148929,tati_vict
849448663546040320,Teram323Tere
778630867950460929,SandraDunn1955
1193390858,courageousgirl2
161491663,2021Freedom1776
717468384015859712,MarthaLynneOwe1
1017818422728691713,YarosisNancy
14944543,Tanis42
1231315373305274369,LLLwry
24329569,Vanessa75998849
1146085916173393920,heather63262308
1162741950212034572,esme_hornbeam
118278429,debsomewhere
415587690,Maypo30530604
494492088,FrackHazReveal
725056222009909250,zen4ever2us
2470210784,Aprylsmithts
750100340595449856,ProtectingTerra
251734392,cheezwitham
773493875839238144,Lesleygsmith3
495602226,LoreyJeanene
967133261917954048,UkSophism
707959452750761985,bethlevin
702169674553888768,cagney1991
1094037350290575360,garyonwater
1926571112,sar_oso
9376172,pal29b
739913754,C2_ShiningC
938737432169771010,wildwillow65
2943948074,rk70534
247791531,abramson1234
131056491,FirstWish42
983305505589243905,asmith702
754455561417089024,chickilopiccolo
2857592041,tdzwilewski
208582717,MonicaRivpin
869838487171862530,Montpellier21
20229440,RemoveGOPNow
160613203,sharonmwinner
1244173392548429829,rhiles2760
18500747,CarolLei4
174476012,bane_baldy
1005103898556760064,kak089
190648628,RosieM1919
231285991,TheStephenRalph
56722736,Vox_Democracy
550829262,carlyinNJ
897895526720446465,stanspak
1220303331551338496,MrBill_Resists
40871439,stshinn
534630009,SharonJWright1
705135431315288067,persistentpengn
1567055767,RosemarieBrown3
785287888833548289,jkaynet
721263993,wismiss3
20577610,UPROAR23
225423130,heidiEC5
386533007,cindyceemerson
292754994,everyhumanknows
154498853,awelab1956
17680562,betseybess
1220005874334425088,washumom
918733847579283456,phendricks71
63875612,JSeulement2019
1134572194422505479,MemeBurk
264927909,LaneZane1
108556027,shirleymcbrinn
194645058,WeAreWakanda_
406719601,AliAdair22
1164208846245523456,Atencio1Ron
963851505035087872,karla_handley
2240411650,kimshurtleff
501397421,1jasliz
74149816,justjo2
49856581,ParryPierce
1184593454485200897,TheFabledAesop
2615155192,oscura56
242929999,dgendvil
2784661153,ANCHORSEND1
51213279,AntonioOsorioG8
122148117,j_sutherland2
850184067370950656,WoodwardWoodw11
1171943888568889345,MuRuRi79
2764242773,lulu82824
1217568030043115521,ArgusC
916721869017047040,29Sinclair
1139006043382374400,smp0312
4799649134,tamicheA1
1169288296746217472,LilyEPloski
19819827,slkpca
251788355,RobertGEdge
1184478755915354113,peace1
299748084,arena51
2614703132,ABrooksdeVita
466319594,EveraldoMota
995999075030982656,equi_noctis
301048344,TheUnicorn999
884023737745645572,Bonnievee2017
2903468617,mary_swilling
3305253308,dancindoti
1034852048800571393,cmcc1975
19571815,HughJaeger
126021687,88SEATTLE61
856387522594717696,carrybeyond
1145356595318030337,thinkkimthink
204447908,DidiFrench
1221964609659207681,MaryKeithBare1
181719808,neighbour_kx
475030642,lscain3834
38283263,flajeffreyt
828030159932395520,46mingo
1220009609982828544,kristiwelshies
1118512845464002560,Pissed_Woman
1705527049,kateneuropsych
1178914667919339520,CarleneGarriso6
3031797886,LouLachat
153367507,amandajs11
4827705102,SChristy16
2421908784,shareitarie10
17123109,johnny_queer
265863267,coastalmom11
36897335,JamanbhaiKanta8
251721395,wenny2581
1170860201525690368,vjf6122
1492828734,tdAZ12
1155031964111593472,leocullen4
107359194,ICNTOAN
1175288710180421632,RiskAlert
3088062733,roberttorres117
410103064,lalauraru777
1167942890128957442,drdoodlie1994
1180019015701299200,mcassara143
1229244296894861313,CraigLiddell58
2788078109,woods353
1180183753924075520,Siadasha
254554605,BrommePamela
3230625147,Suzee5335
706824252918505472,LateBloomer111
1026418206,EmersonFan1
223939239,bethsinniresist
808369805094858752,typo_cat
253106377,CynicalVision50
879692367393161216,SHWALD
983247178075398144,NickKave
48239765,judirayner
2464156014,monicasloves
870953412212514816,YvetteJacqR
85136516,FunInMia
438771141,gurpreet2sarao
4813903696,MarciaBunney
17231726,larryfd
861614190,BiznezNuna
1834645674,sdbees1953
801224294214733825,HaldankarRavi
4822721805,MonicaLogallmon
1035753606648094721,Juanjua70046967
264861120,MJResister
27606511,AudreyGarden
3372133420,WhirledCitizen_
477924340,sasyecat
826476393793941504,rvsharma2008
1099102523405811712,allymrowe
1194174224367095808,debrob1947
7248362,JWVegas1
772077415375904769,GrandmaShark18
443844472,YorkLawLondon
48686617,saltycomment
3163073695,CorlessHanson
2236296698,phyllissharp54
827043384518856707,StunnedVoter
2925571294,LJR1626
856131595518005253,LittleRed623
1706203484,WeEntered
250691621,Cinianwidger1
2577243050,ltanner70
1163964856984145920,kheatherbrown
1196069506214285313,monkeyface__
361457796,KaraRosencrans
1168319204610707456,pjlacasse22
74353541,HelloKarma2021
931292645275721728,daretothink53
790781620592582657,midUSAmom
701320278,txmattie
68599588,Louie2Ann
743553354,SafariSara
4420001009,sumitgurjarP
803777093108715521,Vaw511
189737138,Twinsfan811
220637634,sunterra1014
4826677880,cliffhangerCA
605233756,mattremains
1188325819812237313,haldankarSudeep
1141091861962088450,LGSoderlund1
1006858593398747137,InsdataInter
935942967168204803,Innrdreams
1181100797964107776,purrmonsta
981274945,jimmyofflagstaf
3319956996,LidstonePeter
976882801,Resist__Fascist
2285542940,runPattirun
2717179276,MeloniaSherban
1016816666,Mr_ReadingTown
1196411281135194114,EileenDiana
1100429262052442113,SuzanneinLGB
3505560323,Irene48
277613279,nort_lights
1102251641351405568,gaj724
3317236915,shossy2
915039694831755264,JackiN503
868897937967001600,jengrimes8
269333293,airrewa
836630673280626690,miamidecor
911061343,sprbrighting
813743913236385792,Reneami50020561
1222550729984036865,DawnRoseTurner
612057704,Awarding_Women
1177651431207297025,OdoyleCharlotte
3104872717,JadeJensen29
2598110537,DLP75902038
3418236657,ManikandaRaj94
1204128767251230720,lindarich48
30145621,bigbear5822
71605771,chriswadeevans
1195689358340214787,CassOMalley1
774622774501449732,rychemom
766562824248184837,LorraineJDion
832012532852355072,IJS03422635
814827498,sakshamsonu
4852429895,gemandmoll
3437860767,R_Shankar_Gowda
2325841986,boandsunny
128739038,ckkoch3
1010921194655272962,rjaviervasquez
89404550,TeriRobins2
1083113500229160960,cliveboyce77
1473209256,drfarmertx
59043846,Frances86878358
1089603728590684167,SoBeCharly
1202072689227124736,cindycrum
1015374979008008194,diannemando
180785464,chill_canada
798781107705520129,Gordon1000
882046246164115457,Roadwarrior29
753461283442323456,Bagas36406270
1162025650305110017,JoWilso99859694
712094151890771968,DaleKanzler
779641356197167104,EUtopean
972731556459552769,Speed_Peete
2378324935,patrickmajor56
51014850,GailWaldby
915807101493972992,kdw_8437
3305897480,toyawong3838
38749036,HalseyJane
835970155964293120,EDreamsagain
953615916,MaddieBarry8
300388340,realdebfarmer
31066498,content1949
1506057644,brightlight46
22237383,nomoreslaves
4043807239,SandraJNowakow1
1028022611324747776,barbcast60
1145178605061734400,klingensmith_j
3495125122,Sylvaners
734816144,KennaStevens1
39197185,TheRascal2010
810302458895286273,CindyLo47473437
2162617110,jymbudd
885003445765378048,RubberD01
1188497140655513601,ljall00
1037585844251643906,ottovanz
102816266,srmicksims
810639135694356480,lsamabad992211
101532348,SnickOld
106755054,DeidreEversull
2494494812,Melinda62909033
160373363,SunnyDays024
1203172118042759169,matan307
2770925885,anarchon1701D
403118869,501China
857644825,RerihAlex
15915874,Leticia17922167
4759364974,PUSKARNEGI4
53752278,Seamuskitty
820690076334194688,CathleenKucz
900183725417410561,bengin1003
2328854769,BoundarySeeker
914018537823449088,vainsovain
184535968,BUBEEEEE
3694054096,raphaelha67
398706957,WahidMuhamad3
1099124418,Rezamossavi
898755222,1finekitty
1170694638643974146,JoanPennnative
144377653,Hooplaoly
1034090325864796161,Pjw20161951
87832714,AviFlyGirl
1175995717044715520,annetteashley61
591561897,OneiranN
954481765,sandcastle114
913913689018961920,pattykvilla
4070867414,jerbon57
518248468,insonifier
91867456,hermitme1
83227484,erniefay
700781867566403584,McnellisWilliam
19664367,z_chrissie
948223698649124870,nasty_woman2
156540927,akhetaton11
2846477538,DrDinD
119749038,galeon_willy
22272206,celticlas
2198373150,tamiguitar
1144506789737594880,lachic288
115613591,SirVantes137
1181987338307739651,jtkstc
43508994,MoistureVapor8r
1125872736897646592,jdf754
1130688711820079106,LJMDemforever
722589730890739713,SHShookmaster
957098657001517061,MarionStrstrk
432779977,juanvg53
811234573975777281,underground556
1056249948,jeromethegnome
3484951036,nancy_westberg
1085520660229705729,trublutsu
832102581111382016,coxad1449
478189025,Gwendolyn679
1907779352,ihabfawzi1
2511288769,StockScout1
22526181,Miguel280482
396095407,mdjacksondallas
1367567570,PeruNewsAlerta
1171763121079406593,EconBedoya
235173460,STabbytosavit
180750714,meNabster
14181005,PunkinDyer
829506669453463552,Karrasamelia5
821395619482832896,lowrad57
407821546,rockfarmer444
346321145,Ladeegem01
18433607,beverlynichols
48896011,eyemagistus
613642580,inabster
798218752756092928,dharmasena2020
365666074,janrobinjackson
315201855,bresla_linda
2788053006,FinnVanWilder
125813221,upursbetty
19726286,BeamaBeorg
514974163,philnurenberg
578268065,BlueTsunami20
542723057,rgwiese
1265330317,govindakumar381
253775950,PattyLehner
106814808,rcrockett
272118514,Life_Sciences_
1137383922843770881,piras_zia
3377406406,KingNormies
965709651038752768,granny_st
404712200,MarcVegan
55396121,JWin802
790695468,ValkyrieArmed
2573712639,PMRDaerahJeli
295018023,gnwayland
2329796832,evolv67
421417889,MetroPulseUSA
22920024,StanKaba
309000364,Billyrisner2
607429733,TooRuben
1180388608059904000,Libertygranny
1073321411375230976,LopezLovinLife
805102260787224576,angry_gammy
64133846,elvislver56
88136480,BradBeauregardJ
38942803,barbaraward235
19478009,proudnana_3
1065720223741882368,eyeofthegoddess
1182103663646429184,queenandkings_
999196809548435457,SallehZamzuri
1150017451154739200,Janis454
19840263,ShellHuch
19713167,Jeannie_Hartley
1160120070707666944,01000011CS
44615870,hadi_hash
729977053706108928,garr458
800835736144662534,migarchacon
2935579594,BxBredChic
61768027,beatlebabe49
1164035315482316801,KeithTatem
866658628178243585,vwaddley
25398204,sc_g_cox_70_33
2596210244,MurdockResists
1186152249073922048,Bullsranch99
3351615003,MarnieRose2
37216636,ArenasJoseLuis4
2332701113,WPJ4
156596350,lindamac12steps
1048654235708129281,Wobbledance1
1141036703752368128,BrendaFB
979201695904231424,IslandGirlPRV
2910435750,jacqui703
1177040460298080256,kathies01
861231696879927297,LeonardHougham
599039512,soozywooozy
91689197,jbminatra
23914773,EricMoo91919605
15935963,AnIllicitWriter
235708122,gritslady
58281990,kmqkatie
1171937883600539648,GehringJackie
918950493187203072,nazuzuwin
1069715153728495616,zsarrina
18372384,Davieboy0906
1663547912,pjpaton
838426421534011393,Robertsixto2
1219933015855382529,Trish5_Here
327720735,glezee81
261863668,GREENESJ333
4888131867,HIHKatharine
14616404,cscstars
1165185629602234369,juliabhaber
56349752,MogrenDixon
836286467332845569,GBfe06
832264788,MandyKilpatric4
1228568017929482240,fangpusskins
47019053,DA4Pups
14533559,Firestorm1776
787253241524457472,Norberta36
1216184994227462144,Solitude631
1462969034,kathid_d
1180749143167385601,Angie_RejoinEU
438431990,IbnoeUmi
2532366299,IacobellisT
16320885,lightningwincup
3325526691,kinnehan
493826941,Mjcrjdrvrsoonrf
710527026,schildpattkater
20336330,Rccard1999
85946578,Katj512
914377458,AlfredHampp
2194394673,NatriceR
1112113767259631617,BrianFreed1
836621622,OviedoEliger
130661892,DwntwnDave
244650352,CoralReef84
2389823918,itsnotny
3258692197,drspl5
882068462,MadelyneRants
2776059038,AvA4Bleue
2231463645,pdoubt
108676440,ActDontReact
1114746523,nitenurse2
2329369573,giancola_mari
216491891,KAS22_KaaRinn_S
559097719,michal_dimitrov
3917981063,Majidkhoshgofta
243935801,CmiloseMilose
1367575716,Sharon07716008
1007251732743835649,Discovery198405
282311572,Rajkiran1115
977147316770492416,gawwas75
270318604,RKCowgirl_Life
377575457,birdonthewire3
263603168,dlspace108
2773313818,Phaedrejax
1138009925144068096,LaughAtlantic
965804173085347840,seeshaswouldbe
996233032271970305,RDTBook
3154610839,Perpetual_Now
1217917422243663872,wailing0321
531477359,shannonkatt
922357287481757697,forumeditor
1237561794996195329,swhitey10
2678249072,KrisNoel65
17229611,SaraoGurpreet1
827660443934146561,isabel_nila
1109830706400649217,Megaera17
976110853018783744,MaryCarper12
2796092197,AlonzoPeppino
169274100,SusanKBradford
727176076917628928,lucilleaustero2
1086452672293568513,takemusu
81476980,chestnut_daniel
3981006260,denver_rose
396583574,zeroedtweets
820426623656697856,MamaShoooo
1195199688414117888,littlemeanj9
1347842186,InlimboV
596527396,Zena1Clark
821957852,jmreycroft
882724194148110336,BonniBK
260642484,Washerein17
881579255951503361,aulia2199
3618321977,artsycarol
907981544412864514,crazylegsmike
38291999,IsraelNewsLinks
3393787578,melpriceHB
98468608,Doris_009
2541872018,abrazuga
3396454306,armanwalker
69676093,Francosuarez202
525718064,PaoMickel
3086889841,GirlyswotFbpe
1085727545180356608,RedStateBlues_
139159502,catirebello11
722337933907398656,PhatMommy3
36072276,Ummismaelsf
4818096070,accident
366710055,RAMESHPAGILLA6
4009632850,Cie2011
3390236181,amandas81849097
1098921840792215552,syahpewaris
23129379,dad_darius
21603495,sigstarget
803091707361251328,VirginiaLoughn1
14314963,tweetzydeetzy
15878034,Emanate828
26089729,kdivies1
30611663,realspaceblatt
1764068240,marjowil5775
40010093,MitchellMeeks11
17774181,2Thedogpound
884374464,HydeBlizzardbox
3013639482,donnakami
1067501705032605696,FurzKathy
466958869,KathyHoldshope
1212179123046506497,DEBRACLINTON
290671142,Lesstraveledby2
707908696,TimFaulkner81
396609159,K4rmaRules
174771928,tomasacat
67933228,kellyjohnsonhas
2809411548,hoojfan
187883232,sherry_bath
1149789667950256134,pjcadams
2963417238,stevie_bro
1201527507977146371,hrexach
895738293115113472,KamalUp73678525
1373510713,himurotakasi
24290529,Angel80197423
994294748,SoulFlyTry
344906062,Mohamadmahmod63
306359195,keydyspacheco
214707834,lsfarmer311
2999297760,mycatsmom99
1174345407817801729,PolitJunkieM
823351367443980289,maznahngah
2960389848,HeliaTropist
287027996,nursevictoria11
867276967808258048,downey1950_w
2297330653,FluffySays
1184037758647488512,Rocky1542
1022592714871906304,rajindersony1
3176594760,beansighe
973689689449250816,lfkraus
801564219904786432,Terri2cat
936685568242737153,ph00ligan
378938374,FelixGo26831837
1653797208,Jamestoupin
18155390,deejay90192
24203766,BethFullerton2
959538422812676096,VivMilano
3565719792,lbblby
1372211844,gallerychapel
1205107440481689602,mrplannings
1088187637117214735,palomacreative
570795545,IsmaelMarval5
517946537,Zaylee51957679
584790529,PaoliMichele
22657288,LouiseQuoVadis
480016540,sanadian_dadd
1071728822754729984,ejc322
334357888,Sherrillacyr12
1188129441920106502,pashawas
252641013,titodinzey
23326606,Tony_Porras2050
47880403,davidstevens111
19590930,DennyboyWhite
440756482,carol_33410
2557079681,Omar_16nm
190446106,Cmm09672
95750828,Teach3ca
1107950389058568192,SignorAldo
1045631042651127808,feriadelaluna
908177398323060736,SonuIns68857159
3039648733,shawrls
36652443,KomalSinghBist2
2869840652,jonthetherapist
123484032,Unfreakin
3103183289,lindanjohnson1
1046081250488995843,freddyatton
982770904642928640,doctoralexa
1367818548,TAntifascista
943077029624328192,Lifelandlady
1958497130,Corney1954
431116819,UncleOdit
1058146114157842432,EPRSalman
31277510,DemsFight4U
794589163,NacionMX_
336579013,smith_plandcs
45371554,frank3davies
1195770605737521154,baszram
24278396,rcpwells
1124666488772644866,LarryHillyer3
256591152,DebLovesDragons
1101154043035115533,debr3322
48139252,SirDiwakarJi
807423722948702208,dhershiser
232616152,Sunnysgrl62
758103579286581248,jesus_8274
1350557568,denny77910621
1178531319053053953,AndrewRKing_EU
16976126,LadyPoop2
50066201,ErinSnider10
1213868405922549766,panshul12
200918966,K810Mt
219822060,drkatraphael
102019918,demuromarquez
2937491779,MARIASILVIAARM2
2459302512,mickivoss
1088122630471847937,Diana_Chumley
1021753060585078789,hushnowlilbaby
421229385,claudiapoindex2
849718336573153281,VasGiri
1954691124,ericserati68
166603532,amita_2929
1912288435,susan_borts
1154352637220806656,deguin77
2196105242,ReneeMarieHern2
756233749,smj32111
8052182,judieyoung
891965625819701248,GiGiPersists
754739196452036608,RichSweetz
771096098052018176,georgialove0916
1179888028333961216,Sam_and_the_dog
157153504,vankapro
81724227,traytaymakeup
3038389152,Budadoptedus
720186170,zaphodsbud
1672236961,PayameSabaa
709457214239453188,peaceluver57
19733068,TheActor_movie
61024949,BhusanSingh7
120877403,AtlasB2B
544764112,perozo_naira
1222893294780203011,55andwhat
4798547435,MaEnraged
742633039914799104,vwheato
598060217,CondieKristine
815218808101158912,Raycspike
1089610874183139331,Raspy10001
1160752789133373443,HinderTrump
1251426932777869313,shellie_sh
46143986,TuiteraActiva
4799055688,Gaynorann46
213364197,CandraRachmad
153157797,bjsbook
31144227,stilllaurieone
1887194083,GudlaugHawkinso
2474878388,annaamatorights
378272434,LilfaeLochgelly
51369993,JurelVivek
902502004106383360,smakhanian
32293552,rathoregs726
2922369025,ccharlamb8
4623268695,grinningbamE
2187632677,JacekJasinski
1587274326,RebornUnicorn1
19273004,CharlesNOtrumps
1153417566976655360,MamaNoelles
2910903323,linda_wed1
1222575904196448256,st_nozawa
604636163,h2ofizz
1571110303,Breza35796855
973596567369261056,gazetesozcu
135448653,TexasLiberty15
3240919506,CricketixSue
385897719,Nigromantemx
895676975137697794,asil09
1158105714629533698,CarolynD72355
2181750230,TCMuffin
997146934799355905,oem_repair
118619214,lorio808
1239025753796247555,JusPlainTalk101
21584435,jpb1467
113285287,CharlioMoerdadi
2433872340,KKDsMiMi
1511343890,eralpatky
45362965,JJohnson2u
4766281718,alexand06102614
90378183,stern_sofa
26350255,BrianLR19728
1206998146900905984,LuckyLuna07
79396277,Joseant69400835
61120783,siamogadam
1169250832732381184,Jxenize
545801629,brill_leah
878956495,crlulukat
2973797368,aka12144
346303806,JackBuckman3
831905911,aliciam55569714
921781423601803265,Catenigma
342692353,trudygonzales
432107239,SarmadDigital
371481700,nittuinui
7703052,kbartness
1070029007712858112,davidqhog
246236170,tammy_marchand
3555888569,JoycejohnsonR
822389688271040513,KurtSchingoethe
132970305,ebrownrochester
1417993982,jzd67
20945781,KITTYBAYOUTSFAN
319337461,SilkFelice
1071426249346682880,MelakaTengah
17541792,mhoptman
85259146,e_winzar
134790907,FoxyJackieBrown
1052354553750814720,Shieldmaid8
811219032,CL2Empower
925188655307636736,ilenes57
1244677796942749698,judy_rivas
512860075,thereal_pat13
1167711943991283712,DCGrandma52
388876702,AminehQaraee
710087783323451392,FREDERIQUERINC1
225982309,TheSWPrincess
4219854912,scuds57
880495816934293504,sinaloahoy
211429477,Hennype85026470
934824404,LaDiDaStorm
798194280116277248,MassoudHaidari1
992778756862414848,dsutanandika
1176450288816803840,TOICitiesNews
65410543,BeSeriousUSA
2347940717,rdreynola
1111882937757138944,herrick_a
273116559,brookebay21
317975459,chari_fish
571044251,8ijh4gVbqFso5AB
314642160,JenniferADevon
1106981120565039105,tckeung234
2226776407,joycesurprenant
722442099958755328,MstrKnowItAll
1176170660177031168,SatriaSrr
3510546680,CaligirlLeftie
700297098474815488,WairarapaJane
373255669,iambrig
780578063620812801,TroyMil47222112
68741628,browngravy_93
1072849421392625665,viezma
480138516,LesRhoads
23478135,chrisatchs
919323296243568640,GottaChangeIt
2732553018,Karmastrophic_
16196796,MisterMike92660
742484898896740352,TucsonBlonde
869416683005517824,JeriPulido
846221376,PlanetCrusader
354931071,mrspanhead
1305825824,MyraDSirois1
305202222,THUOSTON59
1241610851758395393,OkJoAnn
38817450,LochnerWalter
1101569020942151680,Trumpgot2go
477176185,anywherebuttn
315413807,MargieG67027617
2294040718,IenoGabriel
31117337,Ajax2847
875037780337975297,nilocski
3395604659,LloydGlyn
633174310,preshn9
959265483576012800,happyday3
886268891688714240,DReadyMixPilot
819352089864310785,Jdleo1800
930899286,gramyc44
36326637,parknfly07
24048150,OnlyWhiteTiger
1171580234912665600,jlewis237
346015198,JrHollis60
140114177,Gmanc95Castillo
817478777299050496,emyryly
801824112251465728,saidr_official
24435351,pergolaman
816995904993525760,MehdiMemari3
1144050144943300609,lang51b
819552632427532288,CATHERINENEVER2
1228127892493815809,andyinTOONT
3146034464,PhaedraXTeddy
24898395,menzmultimedia
755520532750163972,SusanKelly18
55000069,PSRSurf
15547853,rjones2818
910888591592697858,lilsun83
1169274561159806978,FrancisVL4
799152503098986496,formerrepublic7
515767837,LUVDAWGS2
129185882,catherineanntuc
196000603,FadingTeacher
885721498811379713,MaryMary0414
636350520,tizyoko1
802900980203487237,KayHarty1
132256921,MarlaVagts
542143434,peaceandteachin
348620634,Tam_Resist
21107968,cubacooperaveTR
2768751556,ConnieL93939344
1037247092,braincloud77
2931636908,focusfinanzen
1223779162080464896,katland1031
1517291023,ArvaChris
2751126827,douglas24604348
820446669720276992,TheHelenChapel
376804704,lesgreen66
434189695,Art_Chicken
1038241060516900864,aripov_sarvar
747500709042495488,HeatherThomasAF
913377799,JeanieHorine
1979386550,tony_sanky
2148317009,enamcent
943423729,Archaeologist03
239014262,77Resister
903778580831797249,harits_pasha
1059969371987095552,luckyginnie3
818698799967125504,Ansari75291795
20851471,MaryWerblin
714094806,gabeyray1512
852445248,betobe14999808
1192803911486205952,seeCFC
710445723981062144,DheerSi82910601
113197574,mana_kkw
900714383642431488,Luluinportland
1178980187125342208,PuestoLoco
745722720583823361,ddndn256512
705534631559303168,J_AAngelVill1
931289130,GJohnston2014
2361511959,Michelle_888
360343192,roma_magazine
81280014,juve_magazine
999443241736065024,sbjames2327
827189168556036096,crabbymother
159128756,annita_bowman
749744611,scottf6f
580633644,SelfImposedXile
49317402,AndiJohnson1
832731964247388160,play_flag
925787970111660032,Shawn806ny
886147820872486912,stellabystarlit
1026996681840181248,JMorenaB1
904008788180643841,CanuckCognizant
3184558807,JustaGina
332472292,focusgesundheit
15523288,InterMagazine2
1117698319310966785,Ranimohd1
124204931,Srk1951mn
3258318650,midgetcricket2
15129074,nicky_NoPasaran
965383776690847745,Roberttimestwo
796846648878043140,SophiaVeria
18385910,BusyBrain_Very
2191277311,Snowy_Carpender
20435808,CeeJayT07381069
167999129,Jean28387727
1170412358323396609,ShelbyRatifyERA
1119976226100133888,albertori06
906524593715912704,RaniDasi13
1191156183320518658,CarlyleBlkwl18
1221995649308061698,AmyCat68
747917675301572608,b140tweet
18250847,DaveCol08591776
123214825,isuA14128
325106062,CynBlogger
361195470,GayleThomson13
806585617651888128,CrnetOy
216449581,CharlotteRawl12
4054429692,2B_Painfree
138933887,JohnApp63499667
25958951,santo_aol
1210594819497549825,AndrewM57534615
308039496,Jeannie_Tw
470734100,billshoemaker21
243846406,Media_Selangor
174901520,Cornish_Damo
823674290801229824,BarusArus
1004299202103533569,kleytoncooper
365614264,gemluvr257
19688287,shell_loyd
2669447159,WatchDogs_jp
16377959,LuisaM56_
223705296,sharonvt75
933943823729696768,purr121
36851923,msnaydani
1255410263706214402,sastromenggolo
394830481,DeniseDM5
42220105,lovinabox
169821228,bruns_the
1066849600810700801,cmslbn
113838468,linda1974a
970577438,birrdytalk
169529829,azadstiffler98
279653199,RitwikMohanty13
389076701,FOCUS_TopNews
833859141185712128,JJDJ1187
1115244017078288385,AmyMincey7
1220866790957441024,rmcdaniel307
216786228,Ikechiogbuagu2
16358213,SarcasmvsHumor
1486129201,JannahGate
1380678722,tazarae20
254335652,BaharuPmr
1070787159022419968,BelaBenanua
27027371,margaridafawke
1009611472006086656,u3Y4BDE
167424746,cmerfy
106746583,UmeshChouhanIYC
1105491900,teachertwit2
926230353630687232,Nofearnofavors4
1102793344785178625,MightyMousebb
142018519,alej1477
196110680,phen0480
1175694002080886785,RemusJLupin2017
487035253,hartingtonb
